-- phpMyAdmin SQL Dump
-- version 4.5.2
-- http://www.phpmyadmin.net
--
-- Host: localhost
-- Generation Time: Oct 03, 2017 at 06:26 PM
-- Server version: 10.1.10-MariaDB
-- PHP Version: 7.0.2

SET SQL_MODE = "NO_AUTO_VALUE_ON_ZERO";
SET time_zone = "+00:00";


/*!40101 SET @OLD_CHARACTER_SET_CLIENT=@@CHARACTER_SET_CLIENT */;
/*!40101 SET @OLD_CHARACTER_SET_RESULTS=@@CHARACTER_SET_RESULTS */;
/*!40101 SET @OLD_COLLATION_CONNECTION=@@COLLATION_CONNECTION */;
/*!40101 SET NAMES utf8mb4 */;

--
-- Database: `mahawthadar`
--

-- --------------------------------------------------------

--
-- Table structure for table `book_form`
--

CREATE TABLE `book_form` (
  `id` int(11) NOT NULL,
  `email` varchar(200) COLLATE utf8_unicode_ci NOT NULL,
  `created_at` timestamp NULL DEFAULT NULL,
  `updated_at` timestamp NULL DEFAULT NULL
) ENGINE=InnoDB DEFAULT CHARSET=utf8 COLLATE=utf8_unicode_ci;

--
-- Dumping data for table `book_form`
--

INSERT INTO `book_form` (`id`, `email`, `created_at`, `updated_at`) VALUES
(3, 'aungsoeoo.94s@gmail.com', '2017-09-09 09:33:29', '2017-09-09 09:33:29');

-- --------------------------------------------------------

--
-- Table structure for table `category`
--

CREATE TABLE `category` (
  `id` int(10) UNSIGNED NOT NULL,
  `title` varchar(191) COLLATE utf8mb4_unicode_ci NOT NULL,
  `parent_id` int(11) NOT NULL,
  `description` varchar(191) COLLATE utf8mb4_unicode_ci NOT NULL,
  `main_or_sub` tinyint(4) NOT NULL,
  `created_at` timestamp NULL DEFAULT NULL,
  `updated_at` timestamp NULL DEFAULT NULL
) ENGINE=InnoDB DEFAULT CHARSET=utf8mb4 COLLATE=utf8mb4_unicode_ci;

--
-- Dumping data for table `category`
--

INSERT INTO `category` (`id`, `title`, `parent_id`, `description`, `main_or_sub`, `created_at`, `updated_at`) VALUES
(1, 'History', 0, '', 0, '2017-09-22 13:44:38', '2017-09-22 13:44:38'),
(2, 'News', 0, '', 0, '2017-09-22 13:44:48', '2017-09-22 13:44:48'),
(3, 'Founders', 1, '', 1, '2017-09-22 13:45:36', '2017-09-22 13:45:36'),
(4, 'News Activity', 2, '', 1, '2017-09-22 13:47:20', '2017-09-22 13:47:20'),
(5, 'Student Life', 2, '', 1, '2017-09-22 13:47:32', '2017-09-22 13:47:32'),
(6, 'Sport', 2, '', 1, '2017-09-22 13:47:46', '2017-09-22 13:47:46'),
(7, 'Health Care', 2, '', 1, '2017-09-22 13:48:14', '2017-09-22 13:48:14'),
(8, 'Food', 2, '', 1, '2017-09-22 13:48:23', '2017-09-22 13:48:23'),
(9, 'Donations', 0, '', 0, '2017-09-22 13:49:09', '2017-09-22 13:49:09'),
(10, 'Donate', 9, '', 1, '2017-09-22 13:49:16', '2017-09-22 13:49:16'),
(11, 'Gallery', 0, '', 0, '2017-09-22 13:49:36', '2017-09-22 13:49:36'),
(12, 'Gallery Category', 11, '', 1, '2017-09-22 13:50:01', '2017-09-22 13:50:01'),
(13, 'ေနာက္ဆံုးရသတင္း', 2, 'ေက်ာင္းနွင့္ပတ္သက္ေသာေနာက္ဆံုးရသတင္းမ်ားကို တင္ေပးပါမည္', 1, '2017-09-28 08:27:23', '2017-09-28 08:27:23'),
(14, 'teacher', 0, 'this is teacher category', 0, NULL, NULL),
(15, 'timetable', 0, 'this is timetable category', 0, NULL, NULL),
(16, '(၈) တန္း ဆရာ/ ဆရာမမ်ား', 14, 'This is grade 9 teachers category', 1, '2017-10-02 09:06:21', '2017-10-02 09:06:21'),
(17, '(၉) တန္း ဆရာ/ ဆရာမမ်ား', 14, '၉ တန္း သင္ ဆရာ ဆရာမ မ်ား', 1, '2017-10-02 09:09:24', '2017-10-02 09:09:24'),
(18, '(၁၀) တန္း ဆရာ/ ဆရာမမ်ား', 14, 'This is grade 11 teachers category', 1, '2017-10-02 09:12:17', '2017-10-02 09:12:17'),
(19, '၂၀၁၇ - ၁၈ ပညာသင္ႏွစ္ အဌမတန္း (က) အခ်ိန္ဇယား', 15, 'grade 9  (A) time table', 1, '2017-10-03 07:30:31', '2017-10-03 07:30:31'),
(20, '၂၀၁၇ - ၁၈ ပညာသင္ႏွစ္ အဌမတန္း (ခ) အခ်ိန္ဇယား', 15, 'grade 9 (B) timetable', 1, '2017-10-03 07:31:07', '2017-10-03 07:31:07');

-- --------------------------------------------------------

--
-- Table structure for table `contact_form`
--

CREATE TABLE `contact_form` (
  `id` int(10) UNSIGNED NOT NULL,
  `name` varchar(191) COLLATE utf8mb4_unicode_ci NOT NULL,
  `email` varchar(191) COLLATE utf8mb4_unicode_ci NOT NULL,
  `comment` text COLLATE utf8mb4_unicode_ci NOT NULL,
  `created_at` timestamp NULL DEFAULT NULL,
  `updated_at` timestamp NULL DEFAULT NULL
) ENGINE=InnoDB DEFAULT CHARSET=utf8mb4 COLLATE=utf8mb4_unicode_ci;

--
-- Dumping data for table `contact_form`
--

INSERT INTO `contact_form` (`id`, `name`, `email`, `comment`, `created_at`, `updated_at`) VALUES
(1, 'kyawkyaw', 'kyaw@gmail.com', 'this is comment', '2017-09-30 08:54:02', '2017-09-30 08:54:02'),
(2, 'Josie Tromp IV', 'ystark@example.com', 'Quos quia voluptates eum laborum.', '2017-10-01 06:02:42', '2017-10-01 06:02:42'),
(3, 'Josh Huels', 'donnell.feeney@example.com', 'Ullam suscipit expedita omnis odio.', '2017-10-01 06:02:42', '2017-10-01 06:02:42'),
(4, 'Maybell Bergnaum', 'abbott.gerhard@example.com', 'Libero consequatur et aut qui enim beatae sit impedit.', '2017-10-01 06:02:42', '2017-10-01 06:02:42'),
(5, 'Florida Lang', 'fkoch@example.net', 'Sit cum necessitatibus perspiciatis et ipsum qui et.', '2017-10-01 06:02:42', '2017-10-01 06:02:42'),
(6, 'Adolf DuBuque', 'equitzon@example.org', 'Corrupti et est dolorem recusandae veritatis aut.', '2017-10-01 06:02:42', '2017-10-01 06:02:42'),
(7, 'Ms. Hanna Upton Sr.', 'pkutch@example.net', 'Hic ducimus est est id voluptatem qui ut.', '2017-10-01 06:02:42', '2017-10-01 06:02:42'),
(8, 'Camille Rath', 'sydni.lindgren@example.org', 'Est soluta dolorem porro eaque.', '2017-10-01 06:02:42', '2017-10-01 06:02:42'),
(9, 'Modesta Ankunding', 'trantow.alexandre@example.org', 'Consequatur laborum qui ab eum temporibus assumenda enim.', '2017-10-01 06:02:42', '2017-10-01 06:02:42'),
(10, 'Kaitlin Pacocha I', 'jboyer@example.com', 'Rem iure dolore tempora eos.', '2017-10-01 06:02:42', '2017-10-01 06:02:42'),
(11, 'Rossie Lehner', 'stehr.tessie@example.com', 'Nulla est doloremque eveniet quo ipsum et.', '2017-10-01 06:02:42', '2017-10-01 06:02:42'),
(12, 'Jude Cremin IV', 'easton68@example.net', 'Accusamus sed corporis ratione dolorum eum.', '2017-10-01 06:02:43', '2017-10-01 06:02:43'),
(13, 'Grayce Kling Jr.', 'renner.oliver@example.net', 'Excepturi porro id laborum saepe et et suscipit.', '2017-10-01 06:02:43', '2017-10-01 06:02:43'),
(14, 'Marilie Gleason', 'melany.prohaska@example.net', 'Qui et provident neque officiis ut enim.', '2017-10-01 06:02:43', '2017-10-01 06:02:43'),
(15, 'Abdiel Hyatt I', 'mann.margaret@example.com', 'Suscipit veritatis autem aut.', '2017-10-01 06:02:43', '2017-10-01 06:02:43'),
(16, 'Dr. Brionna Welch V', 'astreich@example.org', 'Consequatur error distinctio excepturi repellendus quia.', '2017-10-01 06:02:43', '2017-10-01 06:02:43'),
(17, 'Alyce Dach', 'kuhn.gregg@example.net', 'Eaque alias ad molestias quasi quisquam ex et.', '2017-10-01 06:02:43', '2017-10-01 06:02:43'),
(18, 'Ned Macejkovic Sr.', 'newton.block@example.org', 'Deleniti distinctio amet iste aut vero quisquam.', '2017-10-01 06:02:43', '2017-10-01 06:02:43'),
(19, 'Dr. Corbin Sawayn V', 'durgan.karlie@example.net', 'Suscipit error alias asperiores enim at doloribus aut.', '2017-10-01 06:02:43', '2017-10-01 06:02:43'),
(20, 'Lenora Green V', 'ggerlach@example.com', 'Eos est odio quam vel dolorum.', '2017-10-01 06:02:43', '2017-10-01 06:02:43'),
(21, 'Norbert Deckow', 'kristin39@example.net', 'Quas dolores consequatur molestiae quis aut ratione culpa eligendi.', '2017-10-01 06:02:43', '2017-10-01 06:02:43'),
(22, 'Prof. Preston Huels Jr.', 'talia.fisher@example.net', 'Nihil dignissimos impedit reiciendis quia voluptas quidem dolores.', '2017-10-01 06:02:43', '2017-10-01 06:02:43'),
(23, 'Daron Krajcik II', 'sabrina47@example.com', 'Et eos unde velit sit iste et eum excepturi.', '2017-10-01 06:02:43', '2017-10-01 06:02:43'),
(24, 'Braeden Toy DVM', 'labadie.reilly@example.net', 'Non facilis repellendus sunt qui.', '2017-10-01 06:02:43', '2017-10-01 06:02:43'),
(25, 'Miss Helga Hilpert', 'ktromp@example.com', 'Aut magnam omnis veniam molestias.', '2017-10-01 06:02:43', '2017-10-01 06:02:43'),
(26, 'Josiane Renner', 'katlyn21@example.com', 'Aut fugit nihil blanditiis expedita consectetur quia distinctio.', '2017-10-01 06:02:43', '2017-10-01 06:02:43'),
(27, 'Jude McCullough', 'shaun.kuhic@example.org', 'Nisi eius atque ipsam est voluptatibus.', '2017-10-01 06:02:43', '2017-10-01 06:02:43'),
(28, 'Harley Murphy', 'kane73@example.com', 'Qui et mollitia iure qui ipsa rerum.', '2017-10-01 06:02:43', '2017-10-01 06:02:43'),
(29, 'Coy Runte', 'llesch@example.com', 'Minus cumque voluptatem quia doloremque corrupti.', '2017-10-01 06:02:43', '2017-10-01 06:02:43'),
(30, 'Mr. Kody Marvin', 'zdeckow@example.org', 'Culpa dolor et dignissimos quia inventore nisi eligendi.', '2017-10-01 06:02:43', '2017-10-01 06:02:43'),
(31, 'Soledad Mertz DVM', 'bernhard.lea@example.org', 'Consectetur esse asperiores at autem maiores.', '2017-10-01 06:02:43', '2017-10-01 06:02:43'),
(32, 'Miss Addie Walker MD', 'kamron.lang@example.com', 'Totam omnis placeat libero ratione enim tempore qui.', '2017-10-01 06:02:43', '2017-10-01 06:02:43'),
(33, 'Mrs. Dakota Dickens Sr.', 'jacky23@example.net', 'Et beatae eligendi saepe aut eaque ratione libero.', '2017-10-01 06:02:43', '2017-10-01 06:02:43'),
(34, 'Isai O''Kon', 'xschimmel@example.com', 'Quia enim minus architecto.', '2017-10-01 06:02:43', '2017-10-01 06:02:43'),
(35, 'Makenzie Koelpin', 'april90@example.com', 'Nulla aut quis et est.', '2017-10-01 06:02:43', '2017-10-01 06:02:43'),
(36, 'Ms. Abbey McCullough PhD', 'savanah.feest@example.com', 'Odit animi non repellat dolorum.', '2017-10-01 06:02:43', '2017-10-01 06:02:43'),
(37, 'Dr. Norbert Hodkiewicz IV', 'thiel.elias@example.org', 'Ut quia quidem veritatis quibusdam.', '2017-10-01 06:02:43', '2017-10-01 06:02:43'),
(38, 'Georgette Towne', 'aniyah44@example.net', 'Nulla tempore natus qui dolor laboriosam ullam sapiente.', '2017-10-01 06:02:43', '2017-10-01 06:02:43'),
(39, 'Monroe Buckridge', 'gutmann.dwight@example.org', 'Pariatur voluptatibus corrupti nam numquam et numquam quis.', '2017-10-01 06:02:44', '2017-10-01 06:02:44'),
(40, 'Jeanne Weber', 'bhahn@example.org', 'Esse qui cumque consequatur dolorum dolor dicta modi.', '2017-10-01 06:02:44', '2017-10-01 06:02:44'),
(41, 'Amy Marks', 'hailie.fay@example.org', 'Et quod assumenda aut et.', '2017-10-01 06:02:44', '2017-10-01 06:02:44'),
(42, 'Tatum Heathcote', 'predovic.moshe@example.net', 'Consequuntur dicta sed a nisi.', '2017-10-01 06:02:44', '2017-10-01 06:02:44'),
(43, 'Mable Fay', 'skiles.else@example.com', 'Fuga vel numquam aperiam.', '2017-10-01 06:02:44', '2017-10-01 06:02:44'),
(44, 'Vicenta Little', 'quigley.bertrand@example.com', 'Corrupti sint recusandae quo autem fugiat.', '2017-10-01 06:02:44', '2017-10-01 06:02:44'),
(45, 'Marge Kunde', 'stroman.pete@example.com', 'Minus fuga saepe occaecati saepe nihil.', '2017-10-01 06:02:44', '2017-10-01 06:02:44'),
(46, 'Willy Ernser', 'ykirlin@example.org', 'Ea quo maxime iure dolores et similique.', '2017-10-01 06:02:44', '2017-10-01 06:02:44'),
(47, 'Dr. Al Koch', 'marielle55@example.org', 'Eos totam reprehenderit ipsa harum eos ab.', '2017-10-01 06:02:44', '2017-10-01 06:02:44'),
(48, 'Dr. Ulises Corkery', 'bhuels@example.org', 'Eaque quod laboriosam hic et quo esse earum.', '2017-10-01 06:02:44', '2017-10-01 06:02:44'),
(49, 'Dr. Franz Thompson Jr.', 'curt76@example.net', 'Quae hic quos repellendus pariatur.', '2017-10-01 06:02:44', '2017-10-01 06:02:44'),
(50, 'Rodolfo Watsica', 'dickinson.adrianna@example.net', 'Reiciendis dolorem et quo non quidem dolore voluptatem.', '2017-10-01 06:02:44', '2017-10-01 06:02:44'),
(51, 'Mr. Madisen Collins III', 'genevieve30@example.net', 'Totam at asperiores quas rerum.', '2017-10-01 06:02:44', '2017-10-01 06:02:44'),
(52, 'Xzavier Heidenreich', 'thea.mayer@example.com', 'Vero quasi voluptatem minus sunt veritatis.', '2017-10-01 06:02:44', '2017-10-01 06:02:44'),
(53, 'Mr. Javonte Wehner DDS', 'wisozk.adriana@example.com', 'Eius eveniet quos voluptatum repellendus.', '2017-10-01 06:02:44', '2017-10-01 06:02:44'),
(54, 'Ms. Lela Hegmann', 'loconner@example.org', 'Delectus et harum itaque culpa eaque quidem.', '2017-10-01 06:02:44', '2017-10-01 06:02:44'),
(55, 'Mrs. Janiya Breitenberg', 'karlie03@example.com', 'Voluptas eius culpa excepturi mollitia autem voluptatem.', '2017-10-01 06:02:44', '2017-10-01 06:02:44'),
(56, 'Alice Swaniawski', 'harvey.jessika@example.org', 'Non impedit error alias nihil quis quaerat.', '2017-10-01 06:02:44', '2017-10-01 06:02:44'),
(57, 'Dr. Malachi Hegmann', 'elza.weissnat@example.com', 'Itaque necessitatibus consequatur molestiae accusamus aut nihil.', '2017-10-01 06:02:44', '2017-10-01 06:02:44'),
(58, 'Orlo Littel', 'deshaun14@example.org', 'Earum quis consequatur nobis possimus unde quas.', '2017-10-01 06:02:44', '2017-10-01 06:02:44'),
(59, 'Mr. Raleigh Williamson', 'vzulauf@example.org', 'Accusamus nulla praesentium fuga aperiam.', '2017-10-01 06:02:44', '2017-10-01 06:02:44'),
(60, 'Jayne Hammes', 'breichert@example.com', 'Rerum veritatis fuga at.', '2017-10-01 06:02:44', '2017-10-01 06:02:44'),
(61, 'Miss Cora Graham DVM', 'oliver64@example.net', 'Nobis reiciendis enim molestiae quia atque vel cum sed.', '2017-10-01 06:02:45', '2017-10-01 06:02:45'),
(62, 'Frida Gusikowski II', 'kertzmann.summer@example.net', 'Exercitationem mollitia natus qui fugiat cupiditate alias voluptas a.', '2017-10-01 06:02:45', '2017-10-01 06:02:45'),
(63, 'Bonita Blick', 'kmorar@example.net', 'Quae cumque ducimus labore commodi eos aut molestiae.', '2017-10-01 06:02:45', '2017-10-01 06:02:45'),
(64, 'Darwin Ryan', 'garth.jones@example.net', 'Beatae aut maxime iste assumenda ea consequatur est numquam.', '2017-10-01 06:02:45', '2017-10-01 06:02:45'),
(65, 'Elza Torp PhD', 'carleton44@example.net', 'Labore quo quisquam eum ullam veniam ad est.', '2017-10-01 06:02:45', '2017-10-01 06:02:45'),
(66, 'Margarete Johnson', 'petra.brown@example.org', 'Nulla nesciunt doloribus ut iste laudantium est excepturi.', '2017-10-01 06:02:45', '2017-10-01 06:02:45'),
(67, 'Lexus Gerlach', 'cody.stoltenberg@example.net', 'Nobis earum quia aut sed vel a ab.', '2017-10-01 06:02:45', '2017-10-01 06:02:45'),
(68, 'Josh Buckridge', 'zblick@example.net', 'Quisquam aut cum est tempore ex iste.', '2017-10-01 06:02:45', '2017-10-01 06:02:45'),
(69, 'Porter Sanford', 'kylie58@example.com', 'Vitae minima eos animi earum.', '2017-10-01 06:02:45', '2017-10-01 06:02:45'),
(70, 'Fabiola Beer', 'fadel.jammie@example.org', 'Enim dignissimos sapiente aut dolores sapiente.', '2017-10-01 06:02:45', '2017-10-01 06:02:45'),
(71, 'Laury Rogahn Sr.', 'tsmith@example.org', 'Totam tempora assumenda provident quidem.', '2017-10-01 06:02:45', '2017-10-01 06:02:45'),
(72, 'Isabel Rowe', 'friedrich.mayert@example.com', 'Consequatur inventore aliquid praesentium.', '2017-10-01 06:02:45', '2017-10-01 06:02:45'),
(73, 'Lane Zemlak', 'strosin.magnus@example.org', 'Perspiciatis quia id non voluptas commodi sequi rem.', '2017-10-01 06:02:45', '2017-10-01 06:02:45'),
(74, 'Barbara Durgan', 'rwolf@example.org', 'Labore id dolores totam.', '2017-10-01 06:02:45', '2017-10-01 06:02:45'),
(75, 'Ms. Clementina Will', 'uriel59@example.org', 'Vel molestiae quia ullam sed itaque aut in.', '2017-10-01 06:02:45', '2017-10-01 06:02:45'),
(76, 'Prof. Chauncey Ebert', 'xgerlach@example.com', 'Consequatur fuga enim distinctio nesciunt sit qui quam id.', '2017-10-01 06:02:45', '2017-10-01 06:02:45'),
(77, 'Imogene Stracke II', 'mherzog@example.org', 'Et amet aut ut ea voluptates autem.', '2017-10-01 06:02:45', '2017-10-01 06:02:45'),
(78, 'Ardella Grimes', 'priscilla69@example.net', 'Aut asperiores ea aliquam magni id.', '2017-10-01 06:02:45', '2017-10-01 06:02:45'),
(79, 'Lafayette Reichel', 'wendell.murray@example.org', 'Sit sit quos maxime doloremque est et nesciunt.', '2017-10-01 06:02:45', '2017-10-01 06:02:45'),
(80, 'Roger Hauck', 'maximilian.hayes@example.org', 'Est libero neque magnam distinctio ullam ut incidunt.', '2017-10-01 06:02:45', '2017-10-01 06:02:45'),
(81, 'Julius Wintheiser', 'runte.brice@example.com', 'Unde est perspiciatis vel dolores non qui.', '2017-10-01 06:02:45', '2017-10-01 06:02:45'),
(82, 'Tyrese Welch', 'shaun.balistreri@example.net', 'Sed ut provident sapiente facere qui inventore.', '2017-10-01 06:02:45', '2017-10-01 06:02:45'),
(83, 'Kameron Welch', 'michel95@example.com', 'Dolorum qui ut saepe vitae.', '2017-10-01 06:02:45', '2017-10-01 06:02:45'),
(84, 'Prof. Camille Stokes DDS', 'ttorp@example.com', 'Consequuntur autem cumque culpa et occaecati error eum ex.', '2017-10-01 06:02:45', '2017-10-01 06:02:45'),
(85, 'Harvey Kuhlman', 'adrianna.schowalter@example.org', 'Sint ut itaque autem.', '2017-10-01 06:02:46', '2017-10-01 06:02:46'),
(86, 'Mr. Broderick Bechtelar III', 'phowell@example.net', 'Dolore nihil doloremque sit consequatur quis.', '2017-10-01 06:02:46', '2017-10-01 06:02:46'),
(87, 'Wava Hamill DVM', 'hammes.alfonzo@example.net', 'Est qui sunt debitis fuga eaque.', '2017-10-01 06:02:46', '2017-10-01 06:02:46'),
(88, 'Miss Willow Jacobs', 'janick28@example.net', 'A voluptatem possimus nulla qui.', '2017-10-01 06:02:46', '2017-10-01 06:02:46'),
(89, 'Walter Murray', 'schmitt.collin@example.org', 'Sint cum adipisci aut natus.', '2017-10-01 06:02:46', '2017-10-01 06:02:46'),
(90, 'Tina Labadie', 'watson07@example.com', 'Dignissimos voluptatibus consequuntur explicabo unde.', '2017-10-01 06:02:46', '2017-10-01 06:02:46'),
(91, 'Teagan Keeling Sr.', 'okeefe.jed@example.com', 'Nisi neque nam molestias.', '2017-10-01 06:02:46', '2017-10-01 06:02:46'),
(92, 'Rosie Wehner', 'rigoberto66@example.com', 'Voluptatem fugit cupiditate aliquid impedit error.', '2017-10-01 06:02:46', '2017-10-01 06:02:46'),
(93, 'Earnestine Predovic', 'clabadie@example.net', 'Tenetur rerum in mollitia illum sunt porro.', '2017-10-01 06:02:46', '2017-10-01 06:02:46'),
(94, 'Michaela Welch', 'noemie.ondricka@example.com', 'Assumenda corrupti rem quam asperiores.', '2017-10-01 06:02:46', '2017-10-01 06:02:46'),
(95, 'Skylar Kilback', 'frederick.gutmann@example.com', 'Nulla distinctio eius quaerat quos repellendus tempore explicabo et.', '2017-10-01 06:02:46', '2017-10-01 06:02:46'),
(96, 'Prof. Vance Weimann', 'bergstrom.melissa@example.org', 'Ut asperiores iste odio molestiae aut quia.', '2017-10-01 06:02:46', '2017-10-01 06:02:46'),
(97, 'Lafayette Jerde', 'jenkins.bert@example.org', 'Ea doloribus molestiae est impedit.', '2017-10-01 06:02:46', '2017-10-01 06:02:46'),
(98, 'Sister Kuhlman DDS', 'kirlin.kelley@example.com', 'Iusto corporis architecto ut voluptates.', '2017-10-01 06:02:46', '2017-10-01 06:02:46'),
(99, 'Stephan O''Reilly', 'sven.dibbert@example.org', 'At qui atque esse sit non eaque et.', '2017-10-01 06:02:46', '2017-10-01 06:02:46'),
(100, 'America Wolff', 'mstanton@example.org', 'Id ut deserunt sit architecto.', '2017-10-01 06:02:46', '2017-10-01 06:02:46'),
(101, 'Mrs. Alize Osinski DVM', 'rae19@example.net', 'Totam accusantium est totam officia.', '2017-10-01 06:02:46', '2017-10-01 06:02:46');

-- --------------------------------------------------------

--
-- Table structure for table `migrations`
--

CREATE TABLE `migrations` (
  `id` int(10) UNSIGNED NOT NULL,
  `migration` varchar(191) COLLATE utf8mb4_unicode_ci NOT NULL,
  `batch` int(11) NOT NULL
) ENGINE=InnoDB DEFAULT CHARSET=utf8mb4 COLLATE=utf8mb4_unicode_ci;

--
-- Dumping data for table `migrations`
--

INSERT INTO `migrations` (`id`, `migration`, `batch`) VALUES
(8, '2014_10_12_000000_create_users_table', 1),
(9, '2014_10_12_100000_create_password_resets_table', 1),
(10, '2017_08_21_150237_create_category_table', 1),
(11, '2017_08_21_151540_create_posts_table', 1),
(12, '2017_08_21_152000_create_postsmeta_table', 1),
(13, '2017_09_04_141003_create_student_table', 1),
(14, '2017_09_04_143648_create_contact_table', 1);

-- --------------------------------------------------------

--
-- Table structure for table `password_resets`
--

CREATE TABLE `password_resets` (
  `email` varchar(191) COLLATE utf8mb4_unicode_ci NOT NULL,
  `token` varchar(191) COLLATE utf8mb4_unicode_ci NOT NULL,
  `created_at` timestamp NULL DEFAULT NULL
) ENGINE=InnoDB DEFAULT CHARSET=utf8mb4 COLLATE=utf8mb4_unicode_ci;

-- --------------------------------------------------------

--
-- Table structure for table `posts`
--

CREATE TABLE `posts` (
  `id` int(10) UNSIGNED NOT NULL,
  `title` varchar(191) COLLATE utf8mb4_unicode_ci NOT NULL,
  `main_category_id` int(11) NOT NULL,
  `sub_category_id` int(11) NOT NULL,
  `short_description` text COLLATE utf8mb4_unicode_ci NOT NULL,
  `detail_description` text COLLATE utf8mb4_unicode_ci NOT NULL,
  `feature_photo` varchar(191) COLLATE utf8mb4_unicode_ci NOT NULL,
  `detail_photo` varchar(191) COLLATE utf8mb4_unicode_ci NOT NULL,
  `custom_field1` varchar(191) COLLATE utf8mb4_unicode_ci NOT NULL,
  `custom_field2` varchar(191) COLLATE utf8mb4_unicode_ci NOT NULL,
  `custom_field3` varchar(191) COLLATE utf8mb4_unicode_ci NOT NULL,
  `custom_field4` varchar(191) COLLATE utf8mb4_unicode_ci NOT NULL,
  `custom_field5` varchar(191) COLLATE utf8mb4_unicode_ci NOT NULL,
  `created_at` timestamp NULL DEFAULT NULL,
  `updated_at` timestamp NULL DEFAULT NULL
) ENGINE=InnoDB DEFAULT CHARSET=utf8mb4 COLLATE=utf8mb4_unicode_ci;

--
-- Dumping data for table `posts`
--

INSERT INTO `posts` (`id`, `title`, `main_category_id`, `sub_category_id`, `short_description`, `detail_description`, `feature_photo`, `detail_photo`, `custom_field1`, `custom_field2`, `custom_field3`, `custom_field4`, `custom_field5`, `created_at`, `updated_at`) VALUES
(3, 'ေက်ာင္းသံုး ဗာလာစာအုပ္ လွဴဒါန္းျခင္း', 9, 10, 'ပထမတန္း ေက်ာင္းသား ေက်ာင္းသူမ်ားအတြက္ ဗာလာစာအုပ္ လွဴဒါန္းလိုပါသည္', 'ေက်ာင္းသား ေက်ာင္းသူမ်ားအတြက္ ပံုနွိပ္စာအုပ္ ေကာ ဗာလာစာအုပ္ပါလွဴခ်င္လို့ပါ', 'user.png', '429287.png', '1', '2', '3', '4', '5', '2017-09-26 10:08:44', '2017-09-26 10:08:44'),
(4, 'အဟာရေက်ြးေမြးျခင္း update', 9, 13, 'မုန့္ဟင္းခါး ေက်ြးေမြးျခင္း udpat', 'မုန့္ဟင္းခါးေက်ြးလိုပါသည္။ မနက္ျဖန္ လာေက်ြးမည္။ update', 'received_482375415464973.jpeg', '12.jpeg', 'd', 'e', 'e', 'g', 'h', '2017-09-27 10:31:00', '2017-09-28 10:54:53'),
(5, 'အဟာရေက်ြးေမြးျခင္း12', 11, 6, 'မုန့္ဟင္းခါး ေက်ြးေမြးျခင္း12', 'မုန့္ဟင္းခါးေက်ြးလိုပါသည္။ မနက္ျဖန္ လာေက်ြးမည္။12', '15.jpeg', 'received_482375428798305.jpeg', 'f', 'g', 'd', 'e', 'f', '2017-09-28 10:42:41', '2017-09-28 10:53:00'),
(6, 'post title', 2, 13, 'This is short descritption', 'This is detail description', '19503.jpg', 'apache start fail.png', 'this is custom field1', 'this is custom field2', 'this is custom field3', 'this is custom field4', 'this is custom field5', '2017-09-30 04:48:21', '2017-09-30 04:48:21'),
(7, 'post title 2', 2, 5, 'this is short description', 'this is detail descrpiton', '16788.jpg', 'admin_posts.png', '1', '2', '3', '4', '5', '2017-09-30 05:16:30', '2017-09-30 05:16:30'),
(119, 'English', 14, 16, '', '', '', '', '3', '', '', '', '', '2017-10-02 09:59:15', '2017-10-02 09:59:15'),
(120, 'Myanamr', 14, 16, '', '', '', '', '6', '', '', '', '', '2017-10-02 10:00:16', '2017-10-02 11:12:50'),
(121, 'Math', 14, 16, '', '', '', '', '3', '', '', '', '', '2017-10-02 10:00:37', '2017-10-02 11:12:44'),
(122, 'သမိုင္း', 14, 16, '', '', '', '', '3', '', '', '', '', '2017-10-02 10:03:13', '2017-10-02 10:03:13'),
(124, 'Geography', 14, 16, '', '', '', '', '5', '', '', '', '', '2017-10-02 10:04:30', '2017-10-02 11:12:36'),
(125, 'Sceience', 14, 16, '', '', '', '', '3', '', '', '', '', '2017-10-02 11:14:07', '2017-10-02 11:14:07'),
(126, 'Myanamr', 14, 17, '', '', '', '', '2', '', '', '', '', '2017-10-03 05:35:53', '2017-10-03 05:35:53'),
(127, 'တနလၤာ', 15, 19, '', '', '', '', 'myanmar', 'eng', 'math', 'scienc', 'history', '2017-10-03 07:53:47', '2017-10-03 07:53:47'),
(128, 'Tuesday', 15, 20, '', '', '', '', 'english', 'myanmar', 'Science', 'geology', 'history', '2017-10-03 08:36:41', '2017-10-03 08:50:54'),
(130, 'Thur', 15, 19, '', '', '', '', 'eng', 'math', 'pt', 'history', 'science', '2017-10-03 09:37:59', '2017-10-03 09:37:59'),
(131, 'wed', 15, 19, '', '', '', '', 'myan', 'eng', 'math', 'history', 'geogorly', '2017-10-03 09:38:27', '2017-10-03 09:38:27'),
(132, 'fri', 15, 19, '', '', '', '', 'math', 'hsitory', 'science', 'myan', 'eng', '2017-10-03 09:39:06', '2017-10-03 09:39:06');

-- --------------------------------------------------------

--
-- Table structure for table `postsmeta`
--

CREATE TABLE `postsmeta` (
  `id` int(10) UNSIGNED NOT NULL,
  `post_id` int(11) NOT NULL,
  `meta_key` varchar(191) COLLATE utf8mb4_unicode_ci NOT NULL,
  `meta_description` varchar(191) COLLATE utf8mb4_unicode_ci NOT NULL,
  `created_at` timestamp NULL DEFAULT NULL,
  `updated_at` timestamp NULL DEFAULT NULL
) ENGINE=InnoDB DEFAULT CHARSET=utf8mb4 COLLATE=utf8mb4_unicode_ci;

-- --------------------------------------------------------

--
-- Table structure for table `student_registration_form`
--

CREATE TABLE `student_registration_form` (
  `id` int(10) UNSIGNED NOT NULL,
  `name` varchar(191) COLLATE utf8mb4_unicode_ci NOT NULL,
  `father_name` varchar(191) COLLATE utf8mb4_unicode_ci NOT NULL,
  `father_nrc` varchar(191) COLLATE utf8mb4_unicode_ci NOT NULL,
  `passed_school` varchar(191) COLLATE utf8mb4_unicode_ci NOT NULL,
  `roll_no` int(11) NOT NULL,
  `phone_no` varchar(191) COLLATE utf8mb4_unicode_ci NOT NULL,
  `email` varchar(191) COLLATE utf8mb4_unicode_ci NOT NULL,
  `gender` varchar(191) COLLATE utf8mb4_unicode_ci NOT NULL,
  `address` varchar(191) COLLATE utf8mb4_unicode_ci NOT NULL,
  `created_at` timestamp NULL DEFAULT NULL,
  `updated_at` timestamp NULL DEFAULT NULL
) ENGINE=InnoDB DEFAULT CHARSET=utf8mb4 COLLATE=utf8mb4_unicode_ci;

--
-- Dumping data for table `student_registration_form`
--

INSERT INTO `student_registration_form` (`id`, `name`, `father_name`, `father_nrc`, `passed_school`, `roll_no`, `phone_no`, `email`, `gender`, `address`, `created_at`, `updated_at`) VALUES
(1, 'mgmg', 'U Mya', '12/maapa(N)12345', 'Mandalay', 2, '0912345678', 'umya@gmail.com', 'male', '', NULL, NULL),
(2, 'Mrs. Lenora Stiedemann', 'Ms. Dorris Lindgren', '9/PaMaNa(N)123456', 'Barrett Mann IV', 14, '890-867-8136 x9960', 'jacobi.rashad@example.net', 'male', '691 Lisa Village Suite 626\nNorth Denastad, NM 77989-1402', '2017-10-01 06:32:18', '2017-10-01 06:32:18'),
(3, 'Josianne Wuckert', 'Mrs. Cristal Stehr', '9/PaMaNa(N)123456', 'Lennie Koepp I', 87, '668-494-1764 x91256', 'osborne77@example.com', 'male', '198 Heller Harbor Apt. 206\nStromanburgh, GA 23784-8694', '2017-10-01 06:32:33', '2017-10-01 06:32:33'),
(4, 'Joanie Klocko', 'Mable Swaniawski', '9/PaMaNa(N)123456', 'Kobe Willms', 58, '452.507.3652 x109', 'farrell.kayleigh@example.com', 'male', '14443 Retta Heights Apt. 549\nBernhardchester, SC 55134-9726', '2017-10-01 06:32:33', '2017-10-01 06:32:33'),
(5, 'Marcella Little PhD', 'Alisha Sawayn V', '9/PaMaNa(N)123456', 'Heber Gottlieb', 96, '1-525-716-3243 x551', 'kristy67@example.org', 'male', '658 Alicia Fort Apt. 673\nDewaynefort, MT 12210-0633', '2017-10-01 06:32:33', '2017-10-01 06:32:33'),
(6, 'Adrian Zulauf', 'Mrs. Cecilia Bauch IV', '9/PaMaNa(N)123456', 'Lynn Hirthe MD', 60, '210.892.3165 x1492', 'elmira.steuber@example.org', 'male', '8494 Gulgowski Lights Suite 949\nEast Amir, CO 38107-6716', '2017-10-01 06:32:33', '2017-10-01 06:32:33'),
(7, 'Colton Stiedemann', 'Shane Mann', '9/PaMaNa(N)123456', 'Edmond Smith', 24, '1-989-456-6828', 'bednar.vincent@example.com', 'male', '4694 Bode Trace\nWest Lilliana, CT 90726-6521', '2017-10-01 06:32:33', '2017-10-01 06:32:33'),
(8, 'Haven Macejkovic', 'Alexa Ullrich', '9/PaMaNa(N)123456', 'Lexie Hauck', 55, '351-879-6241', 'florida40@example.org', 'male', '8896 Tromp Pines\nPort Vernon, NC 56973-3078', '2017-10-01 06:32:33', '2017-10-01 06:32:33'),
(9, 'Morgan Lueilwitz', 'Mrs. Jolie Ward III', '9/PaMaNa(N)123456', 'Eda Bayer', 89, '+13374301570', 'sawayn.brandy@example.com', 'male', '541 Hilbert Port Apt. 563\nWestonton, MD 61159', '2017-10-01 06:32:33', '2017-10-01 06:32:33'),
(10, 'Fanny Brekke', 'Dr. Jennings Balistreri', '9/PaMaNa(N)123456', 'Dr. Crystal Heidenreich', 93, '598-655-0057 x973', 'meta48@example.org', 'male', '4669 Abelardo Track Suite 656\nCassinville, IN 69749-6508', '2017-10-01 06:32:33', '2017-10-01 06:32:33'),
(11, 'Koby Glover', 'Golda West', '9/PaMaNa(N)123456', 'Dr. Madonna West IV', 94, '662.827.1894 x3531', 'fwisozk@example.org', 'male', '30549 O''Kon Lake Suite 642\nD''Amoreland, TX 92914', '2017-10-01 06:32:33', '2017-10-01 06:32:33'),
(12, 'Demetrius Conroy V', 'Prof. Kylee Beer V', '9/PaMaNa(N)123456', 'Shawn Kris', 72, '708.821.1746 x055', 'pgrady@example.org', 'male', '6961 Schroeder Haven Suite 257\nAdonisview, IL 16411', '2017-10-01 06:32:33', '2017-10-01 06:32:33'),
(13, 'Jeanette Gorczany PhD', 'Reymundo Kshlerin', '9/PaMaNa(N)123456', 'Fern Wilderman', 58, '615-684-4069 x418', 'kirlin.dallin@example.net', 'male', '468 Elroy Fords\nLuettgenfort, MO 08666', '2017-10-01 06:32:33', '2017-10-01 06:32:33'),
(14, 'Mr. Deven Beatty II', 'Dr. Brandy Gutkowski IV', '9/PaMaNa(N)123456', 'Dr. Kayden King IV', 6, '1-218-779-8234', 'joy99@example.com', 'male', '49795 Schamberger Branch\nHoppefurt, KS 93691', '2017-10-01 06:32:33', '2017-10-01 06:32:33'),
(15, 'Otto Schneider', 'Emilia Zemlak', '9/PaMaNa(N)123456', 'Keshawn Kautzer', 73, '+17758377046', 'lavon.swaniawski@example.net', 'male', '565 Johnston Pass Apt. 721\nNorth Xavierville, AZ 72423-4494', '2017-10-01 06:32:34', '2017-10-01 06:32:34'),
(16, 'Zachery Romaguera', 'Vicky Cruickshank', '9/PaMaNa(N)123456', 'Bryon Botsford', 42, '1-874-876-0249 x082', 'kristin64@example.org', 'male', '49333 Eriberto Forks Suite 171\nNew Norris, WI 44355-6803', '2017-10-01 06:32:34', '2017-10-01 06:32:34'),
(17, 'Zion Tillman III', 'Prof. Adela Schulist', '9/PaMaNa(N)123456', 'Olaf Feil', 41, '(730) 527-8538', 'hfeeney@example.org', 'male', '95973 Greenfelder Plains\nLaynestad, NJ 88118-7586', '2017-10-01 06:32:34', '2017-10-01 06:32:34'),
(18, 'Zula Jaskolski', 'Jerald Collins', '9/PaMaNa(N)123456', 'Dr. Retta Donnelly', 49, '(425) 863-8066', 'ffeeney@example.net', 'male', '987 Prosacco Ways\nPort Arnulfo, UT 10887-7080', '2017-10-01 06:32:34', '2017-10-01 06:32:34'),
(19, 'Aylin Balistreri', 'Jeramy Rolfson', '9/PaMaNa(N)123456', 'Elta Zulauf IV', 30, '+1.634.722.8082', 'mcclure.iliana@example.net', 'male', '53288 Abbie Square Apt. 119\nWest Christelle, KS 10026', '2017-10-01 06:32:34', '2017-10-01 06:32:34'),
(20, 'Julie O''Hara MD', 'Dr. Lenna Anderson', '9/PaMaNa(N)123456', 'Prof. Bo Cole', 32, '490.550.9179 x5724', 'clifton.towne@example.net', 'male', '3704 Joshuah Estate\nStrackeside, KY 12910', '2017-10-01 06:32:34', '2017-10-01 06:32:34'),
(21, 'Nola Denesik', 'Mr. Lula Homenick', '9/PaMaNa(N)123456', 'Annette Walker', 96, '826-537-1025 x009', 'otis90@example.org', 'male', '6585 Nicolas River Suite 757\nKuvalischester, SC 88323', '2017-10-01 06:32:34', '2017-10-01 06:32:34'),
(22, 'Mrs. Sandy Boyer', 'Houston Kshlerin', '9/PaMaNa(N)123456', 'Sid Hilll', 63, '341-293-0120', 'kiana61@example.org', 'male', '117 Anya Crescent Apt. 689\nAustenmouth, CA 28488-8925', '2017-10-01 06:32:34', '2017-10-01 06:32:34'),
(23, 'Wayne Yundt', 'Brisa Yundt', '9/PaMaNa(N)123456', 'Emmet Hirthe', 27, '(841) 215-3933 x2790', 'oceane.lehner@example.com', 'male', '92349 Leffler Street\nFritschbury, SC 61143', '2017-10-01 06:32:34', '2017-10-01 06:32:34'),
(24, 'Lewis Kling', 'Jeromy Schoen', '9/PaMaNa(N)123456', 'Prof. Noe D''Amore MD', 1, '473.373.8797', 'donnelly.vladimir@example.com', 'male', '383 Destin Mountain Suite 356\nKeshawnfort, WV 94419-1412', '2017-10-01 06:32:34', '2017-10-01 06:32:34'),
(25, 'Dr. Harvey Dickinson Jr.', 'Prof. Paolo Hilpert', '9/PaMaNa(N)123456', 'Dana Doyle', 68, '(552) 345-9193 x221', 'elmo.hansen@example.com', 'male', '11731 Wolff Estates\nJoberg, SC 06294-0107', '2017-10-01 06:32:34', '2017-10-01 06:32:34'),
(26, 'Mr. Clint Heller IV', 'Toni Hoeger III', '9/PaMaNa(N)123456', 'Susanna Hickle', 6, '1-834-991-5877 x1301', 'kendra.terry@example.org', 'male', '1406 Mertz Rapids\nWest Mariela, PA 62121', '2017-10-01 06:32:34', '2017-10-01 06:32:34'),
(27, 'Mr. Arthur Sipes Jr.', 'Wayne O''Connell', '9/PaMaNa(N)123456', 'Ozella Koch', 53, '1-407-957-1065 x2195', 'velva33@example.org', 'male', '4849 Muller Vista Apt. 735\nHuelborough, NH 96286', '2017-10-01 06:32:34', '2017-10-01 06:32:34'),
(28, 'Devante Miller PhD', 'Dr. Lorenz Turner', '9/PaMaNa(N)123456', 'Chelsie Berge', 59, '+1.496.743.4797', 'ortiz.bertha@example.org', 'male', '350 Brown Crossing Suite 067\nLake Montymouth, AK 09165-0479', '2017-10-01 06:32:34', '2017-10-01 06:32:34'),
(29, 'Hipolito McCullough', 'Prof. Terrill Hintz', '9/PaMaNa(N)123456', 'Kylee Botsford', 65, '+1-507-760-4612', 'glover.virgil@example.com', 'male', '308 Yundt Canyon Apt. 782\nNorth Cletafort, SD 88492', '2017-10-01 06:32:34', '2017-10-01 06:32:34'),
(30, 'Delaney Pouros', 'Maymie Feeney', '9/PaMaNa(N)123456', 'Jackie Halvorson I', 56, '742-241-5156 x1133', 'ebode@example.com', 'male', '5121 Murray Harbor\nKaseyville, NY 08189-0569', '2017-10-01 06:32:34', '2017-10-01 06:32:34'),
(31, 'Prof. Manley Hintz PhD', 'Christophe Kshlerin', '9/PaMaNa(N)123456', 'Prof. Glenda Ritchie PhD', 96, '+18836258546', 'beahan.linwood@example.com', 'male', '48963 Elta Camp\nPriceborough, KY 15441-4674', '2017-10-01 06:32:34', '2017-10-01 06:32:34'),
(32, 'Johathan McCullough', 'Christelle Bartoletti', '9/PaMaNa(N)123456', 'Dr. Angeline Bradtke', 48, '363-416-4420', 'keanu94@example.org', 'male', '5509 Keaton Brook Suite 180\nEmiliaside, DC 51668', '2017-10-01 06:32:34', '2017-10-01 06:32:34'),
(33, 'Mallie Gleichner', 'Grayce Luettgen I', '9/PaMaNa(N)123456', 'Oscar Gusikowski', 1, '1-345-740-0310', 'hayes.nora@example.org', 'male', '920 Dickinson Ville\nArmstrongview, OH 39421-4761', '2017-10-01 06:32:34', '2017-10-01 06:32:34'),
(34, 'Hannah Legros', 'Laverna Lueilwitz', '9/PaMaNa(N)123456', 'Sunny Nolan', 27, '574.851.0664', 'luettgen.amaya@example.com', 'male', '17467 Bins Wall Suite 946\nNew Jermaineland, LA 95476', '2017-10-01 06:32:34', '2017-10-01 06:32:34'),
(35, 'Prof. Helene Greenfelder', 'Gracie Pollich', '9/PaMaNa(N)123456', 'Dr. Taya Beer II', 78, '(213) 537-1753 x240', 'kuphal.vesta@example.org', 'male', '490 Towne Plaza Apt. 158\nLake Dillanborough, OR 03438', '2017-10-01 06:32:34', '2017-10-01 06:32:34'),
(36, 'Richard Hammes II', 'Dr. Greyson Zemlak', '9/PaMaNa(N)123456', 'Reece Hand', 5, '1-269-801-3158 x505', 'lucinda.cole@example.org', 'male', '87026 Von Locks Suite 814\nLake Kian, VT 33944', '2017-10-01 06:32:34', '2017-10-01 06:32:34'),
(37, 'Marion Oberbrunner', 'Valentin O''Kon', '9/PaMaNa(N)123456', 'Cheyanne Swaniawski', 4, '1-912-634-7614', 'margot.raynor@example.com', 'male', '20486 Hickle Park Suite 124\nBashirianview, OR 84842-5887', '2017-10-01 06:32:34', '2017-10-01 06:32:34'),
(38, 'Emile Hoeger DVM', 'Enid Purdy', '9/PaMaNa(N)123456', 'Domenic Pacocha', 85, '(986) 935-4050 x468', 'martine96@example.org', 'male', '80967 Abigayle Pass\nEltaberg, WV 40362-9950', '2017-10-01 06:32:35', '2017-10-01 06:32:35'),
(39, 'Miss Jacky Kris', 'Dedric Gulgowski', '9/PaMaNa(N)123456', 'Nia Kutch', 69, '+1.348.878.9096', 'veronica.kuhn@example.com', 'male', '20166 Tyreek Spurs Suite 875\nPort Minervaborough, SD 40541', '2017-10-01 06:32:35', '2017-10-01 06:32:35'),
(40, 'Nelda Hane', 'Melba McKenzie', '9/PaMaNa(N)123456', 'Eve McDermott', 56, '+15043782291', 'alfonzo.hoppe@example.org', 'male', '3665 Schiller Island Suite 694\nLake Hesterside, OR 43330-6696', '2017-10-01 06:32:35', '2017-10-01 06:32:35'),
(41, 'Alexis Hintz', 'Savanah Nitzsche Sr.', '9/PaMaNa(N)123456', 'Penelope Wunsch', 89, '+1-389-416-2090', 'josefa90@example.net', 'male', '602 Vilma Union Suite 833\nLeeborough, NM 23178', '2017-10-01 06:32:35', '2017-10-01 06:32:35'),
(42, 'Valentina Aufderhar', 'Gina Flatley', '9/PaMaNa(N)123456', 'Maureen Labadie', 93, '1-516-467-0194', 'pedro.rippin@example.net', 'male', '904 Lang Terrace Suite 194\nCronaside, SC 39071', '2017-10-01 06:32:35', '2017-10-01 06:32:35'),
(43, 'Dr. Bobbie Bode PhD', 'Dr. Verdie Hettinger', '9/PaMaNa(N)123456', 'Retha VonRueden', 86, '324-381-7655', 'lydia94@example.org', 'male', '788 VonRueden Key\nEllenfort, NV 70935', '2017-10-01 06:32:35', '2017-10-01 06:32:35'),
(44, 'Melyna Hand', 'Cali Franecki', '9/PaMaNa(N)123456', 'Furman Goodwin', 22, '1-220-325-0489 x608', 'hermann.freda@example.com', 'male', '66749 Christiansen Plaza\nWilbertside, MS 43500', '2017-10-01 06:32:35', '2017-10-01 06:32:35'),
(45, 'Mr. Justen Steuber I', 'Stephan Heaney', '9/PaMaNa(N)123456', 'Sarai Bartell', 63, '+1.240.606.5787', 'dusty34@example.com', 'male', '27564 Trisha Creek Apt. 052\nEast Nicholasburgh, NC 28706-2671', '2017-10-01 06:32:35', '2017-10-01 06:32:35'),
(46, 'Andres O''Keefe', 'Mr. Raoul Schuster DVM', '9/PaMaNa(N)123456', 'Claudia Bauch DVM', 73, '1-352-598-9405 x34095', 'nrath@example.com', 'male', '44078 Lexi Lakes\nKatharinafurt, GA 52810', '2017-10-01 06:32:35', '2017-10-01 06:32:35'),
(47, 'Myrna Crooks', 'Fabiola Reinger', '9/PaMaNa(N)123456', 'Robin Monahan', 24, '476.396.4014 x12549', 'rerdman@example.net', 'male', '739 Eusebio Junctions Suite 848\nNorth Niko, VT 96157-7716', '2017-10-01 06:32:35', '2017-10-01 06:32:35'),
(48, 'Willis Auer', 'Malika Stanton', '9/PaMaNa(N)123456', 'Dr. Velda Jones DVM', 21, '+1-320-661-1417', 'kertzmann.clotilde@example.org', 'male', '426 Stracke Shores\nLake Michelle, RI 68137', '2017-10-01 06:32:35', '2017-10-01 06:32:35'),
(49, 'Nathen Ledner I', 'Maritza Yundt', '9/PaMaNa(N)123456', 'Cyrus Berge', 54, '+1-960-532-7215', 'jordon38@example.org', 'male', '7325 Tremblay Mountains\nGottliebport, WA 24438-3340', '2017-10-01 06:32:35', '2017-10-01 06:32:35'),
(50, 'Ashlee Krajcik PhD', 'Bridget Ernser', '9/PaMaNa(N)123456', 'Danyka Wiza', 31, '(794) 580-7623', 'skiles.cathrine@example.com', 'male', '6006 Margaret Locks\nMichalestad, SD 70970', '2017-10-01 06:32:35', '2017-10-01 06:32:35'),
(51, 'Paolo Bauch Sr.', 'Rubie Denesik', '9/PaMaNa(N)123456', 'Otto McDermott', 3, '+1-986-767-6699', 'eweimann@example.net', 'male', '63920 Yvonne Drives Apt. 970\nSouth Cristopherville, VA 62326', '2017-10-01 06:32:35', '2017-10-01 06:32:35'),
(52, 'Sierra Ruecker', 'Leila Metz MD', '9/PaMaNa(N)123456', 'Robbie Kihn', 62, '849-674-8985', 'zlesch@example.org', 'male', '3651 Marcelle Path\nKuvalisburgh, WY 27766-0267', '2017-10-01 06:32:35', '2017-10-01 06:32:35'),
(53, 'Mr. Travis Zboncak III', 'Elmer Schulist V', '9/PaMaNa(N)123456', 'Maggie Labadie', 13, '+12219031725', 'tatum48@example.org', 'male', '9138 Strosin Neck Apt. 218\nNorth Raleigh, LA 48297', '2017-10-01 06:32:35', '2017-10-01 06:32:35'),
(54, 'Nico Davis', 'William Carroll MD', '9/PaMaNa(N)123456', 'Monique Weissnat', 44, '626-761-2970 x6517', 'alize63@example.org', 'male', '1094 Judd Port\nSigmundton, CA 20276', '2017-10-01 06:32:35', '2017-10-01 06:32:35'),
(55, 'Rebecca Welch', 'Brayan Rodriguez', '9/PaMaNa(N)123456', 'Nico Hilpert', 61, '1-623-607-6520', 'auer.audreanne@example.com', 'male', '898 Ryleigh Circle Suite 665\nIsabelbury, IL 30345', '2017-10-01 06:32:35', '2017-10-01 06:32:35'),
(56, 'Lance Altenwerth', 'Miss Aurore Rau', '9/PaMaNa(N)123456', 'Dolly Bartell', 6, '1-414-505-0077 x613', 'pfahey@example.org', 'male', '5377 Roel Springs Suite 247\nPort Esteban, GA 96021-6848', '2017-10-01 06:32:35', '2017-10-01 06:32:35'),
(57, 'Beatrice Deckow', 'Alexander Rath', '9/PaMaNa(N)123456', 'Camilla Gerhold V', 8, '+13059745991', 'hammes.soledad@example.com', 'male', '81358 Eldridge Squares Suite 160\nEast Ludieberg, HI 83357', '2017-10-01 06:32:35', '2017-10-01 06:32:35'),
(58, 'Mr. Mallory Ledner', 'Arlie Mohr', '9/PaMaNa(N)123456', 'Assunta Willms', 30, '764-354-9781', 'josie32@example.org', 'male', '326 Javonte Alley\nEast Rylan, NV 59604-7774', '2017-10-01 06:32:35', '2017-10-01 06:32:35'),
(59, 'Estella Runolfsson', 'Moriah Steuber', '9/PaMaNa(N)123456', 'Jeramie Wilderman', 92, '1-851-465-2181 x42061', 'xwyman@example.net', 'male', '852 Rempel Ports\nKadeshire, CT 75372-7769', '2017-10-01 06:32:35', '2017-10-01 06:32:35'),
(60, 'Eula Hettinger V', 'Holden Kreiger', '9/PaMaNa(N)123456', 'Kayden Walsh', 12, '1-859-690-7302 x60779', 'filomena69@example.org', 'male', '995 Elmore Falls Apt. 566\nJarrellfurt, WV 08016', '2017-10-01 06:32:35', '2017-10-01 06:32:35'),
(61, 'Mrs. Theresa Wolff DVM', 'Dr. Milton Baumbach', '9/PaMaNa(N)123456', 'Emmanuelle Heathcote', 10, '(348) 665-0386', 'connelly.edwin@example.net', 'male', '94655 Stamm Summit\nLockmanmouth, DC 95077', '2017-10-01 06:32:35', '2017-10-01 06:32:35'),
(62, 'Jaylen Tromp', 'Keshawn Turcotte', '9/PaMaNa(N)123456', 'Arlene Eichmann I', 55, '883-975-7269', 'satterfield.mose@example.org', 'male', '922 Stanton Corners Apt. 683\nMullerville, PA 19321', '2017-10-01 06:32:35', '2017-10-01 06:32:35'),
(63, 'Gregorio Dickens', 'Anthony Gaylord I', '9/PaMaNa(N)123456', 'Winfield Mitchell', 18, '214.418.5852', 'laila41@example.com', 'male', '845 Witting Plains Apt. 587\nSheilaton, MN 41684-7626', '2017-10-01 06:32:36', '2017-10-01 06:32:36'),
(64, 'Katherine Hoppe', 'Prof. Obie Deckow PhD', '9/PaMaNa(N)123456', 'Katrine Cormier', 19, '1-935-206-5828', 'tmacejkovic@example.net', 'male', '371 Erick Plains\nTorpborough, TX 52225', '2017-10-01 06:32:36', '2017-10-01 06:32:36'),
(65, 'Mr. Sterling Russel III', 'Kenyon Koss PhD', '9/PaMaNa(N)123456', 'Mrs. Providenci Mann', 93, '(283) 561-9562', 'liza08@example.org', 'male', '647 Krystina Lodge\nHudsontown, LA 85238-0428', '2017-10-01 06:32:36', '2017-10-01 06:32:36'),
(66, 'Eliane Spencer III', 'Ulices Parker', '9/PaMaNa(N)123456', 'Eudora Schaden', 58, '+19377357453', 'roberts.eugene@example.org', 'male', '9206 Fae Summit Suite 542\nEast Bradfordville, HI 42352-8248', '2017-10-01 06:32:36', '2017-10-01 06:32:36'),
(67, 'Janis Kshlerin', 'Terry Anderson', '9/PaMaNa(N)123456', 'Domenick Kassulke I', 22, '352.502.1944 x4675', 'dharvey@example.com', 'male', '36345 Gibson Forges\nLake Mohammadfurt, OH 15942', '2017-10-01 06:32:36', '2017-10-01 06:32:36'),
(68, 'Mrs. Delphine Jacobi', 'Connor Watsica', '9/PaMaNa(N)123456', 'Ari Blick', 3, '(543) 320-2304 x0703', 'sbotsford@example.com', 'male', '5101 Lucile Trafficway\nEdgardofort, DE 71523-4628', '2017-10-01 06:32:36', '2017-10-01 06:32:36'),
(69, 'Aglae Haag', 'Dexter Franecki', '9/PaMaNa(N)123456', 'Gilda Vandervort', 77, '1-289-542-7213 x24076', 'wilfred.muller@example.com', 'male', '3158 Lea Track\nJoannieland, WV 77883-5325', '2017-10-01 06:32:36', '2017-10-01 06:32:36'),
(70, 'Alexie Moen MD', 'Salma Emmerich', '9/PaMaNa(N)123456', 'Thaddeus Donnelly', 22, '1-539-503-5821 x42051', 'august01@example.net', 'male', '580 Retha Fork Suite 931\nAdolphfurt, NC 61323-0856', '2017-10-01 06:32:36', '2017-10-01 06:32:36'),
(71, 'Prof. Pink Doyle', 'Stone Wilderman', '9/PaMaNa(N)123456', 'Mrs. Lexi Conn V', 18, '(978) 639-0937 x630', 'leanna.greenholt@example.net', 'male', '114 Predovic Port Suite 452\nBinsstad, GA 65835-8750', '2017-10-01 06:32:36', '2017-10-01 06:32:36'),
(72, 'Mr. Fabian Grimes DDS', 'Dr. Floy Rohan', '9/PaMaNa(N)123456', 'Cecil Ziemann', 16, '1-272-661-6983', 'guadalupe00@example.com', 'male', '934 Jacquelyn Club Apt. 624\nDelbertchester, AR 94952', '2017-10-01 06:32:36', '2017-10-01 06:32:36'),
(73, 'Mr. Morgan McKenzie', 'Miss Thelma McClure IV', '9/PaMaNa(N)123456', 'Mr. Kennith Schneider III', 98, '445.544.2855 x78462', 'coy.lynch@example.org', 'male', '9665 Hessel Lodge\nEast Jane, RI 28710-7908', '2017-10-01 06:32:36', '2017-10-01 06:32:36'),
(74, 'Mr. Destin Ullrich MD', 'Grayce Turcotte', '9/PaMaNa(N)123456', 'Destiney Hansen', 42, '1-640-957-6746', 'boyle.tess@example.net', 'male', '75774 Merlin Brook Suite 830\nNew Fatima, MD 34524-6613', '2017-10-01 06:32:36', '2017-10-01 06:32:36'),
(75, 'Roslyn Russel', 'Dr. Janie Morissette', '9/PaMaNa(N)123456', 'Mr. Sonny Mohr DVM', 76, '780-599-3392 x210', 'dannie00@example.net', 'male', '7019 Bogan Lock Suite 284\nKendraburgh, OK 44439', '2017-10-01 06:32:36', '2017-10-01 06:32:36'),
(76, 'Mr. Geovanni Kozey', 'Vesta McLaughlin', '9/PaMaNa(N)123456', 'Maci Daugherty', 96, '742.663.8072', 'blick.sam@example.net', 'male', '594 Powlowski Camp Apt. 567\nLake Janiyafurt, CO 92396-4930', '2017-10-01 06:32:36', '2017-10-01 06:32:36'),
(77, 'Paige Renner', 'Reymundo Okuneva', '9/PaMaNa(N)123456', 'Mr. Issac Feeney II', 97, '936-566-7567 x7826', 'alangosh@example.com', 'male', '70609 Flatley Viaduct\nWest Montyhaven, NY 31036', '2017-10-01 06:32:36', '2017-10-01 06:32:36'),
(78, 'Sidney DuBuque', 'Linnea Lubowitz', '9/PaMaNa(N)123456', 'Ali Hegmann', 33, '(994) 235-0881 x562', 'osbaldo.gibson@example.org', 'male', '4621 Bins Island\nNew Aronside, LA 34140-2645', '2017-10-01 06:32:36', '2017-10-01 06:32:36'),
(79, 'Dr. Arely Schulist IV', 'Ivory Jenkins', '9/PaMaNa(N)123456', 'Prof. Bernhard Kunze PhD', 82, '+1 (773) 655-0202', 'emily.dickinson@example.org', 'male', '13284 Justine Branch Apt. 657\nNorth Allene, NC 24407', '2017-10-01 06:32:36', '2017-10-01 06:32:36'),
(80, 'Ms. Suzanne Ruecker III', 'Anabel Strosin', '9/PaMaNa(N)123456', 'Fabiola Gusikowski', 7, '746-472-9124 x557', 'maddison.cassin@example.net', 'male', '92368 Rylee Prairie Apt. 052\nNorth Cordie, NE 02783', '2017-10-01 06:32:36', '2017-10-01 06:32:36'),
(81, 'Dovie Lesch', 'Prof. Jean Konopelski DVM', '9/PaMaNa(N)123456', 'Simeon Halvorson', 24, '686.478.0094 x7270', 'zweissnat@example.com', 'male', '707 Estella Ridges\nKristoffertown, CT 00019-9713', '2017-10-01 06:32:36', '2017-10-01 06:32:36'),
(82, 'Vaughn Von', 'River Bartell', '9/PaMaNa(N)123456', 'Kristopher Wolff', 87, '+1-375-834-0434', 'tiffany58@example.com', 'male', '64943 Telly Flat\nPort Liam, CT 76148-5085', '2017-10-01 06:32:36', '2017-10-01 06:32:36'),
(83, 'Prof. Winnifred Bergnaum I', 'Makenzie Hagenes', '9/PaMaNa(N)123456', 'Dr. Isaias Feest', 76, '1-874-898-6475', 'fredrick.johnson@example.com', 'male', '36205 Halvorson Island Suite 673\nWisozkstad, DC 90092', '2017-10-01 06:32:36', '2017-10-01 06:32:36'),
(84, 'Zella Ledner', 'Jeanne Willms', '9/PaMaNa(N)123456', 'Donny Pouros', 4, '(335) 813-0204', 'terrence.stiedemann@example.net', 'male', '12810 Shana Village Apt. 951\nMaritzaborough, IA 78792-0290', '2017-10-01 06:32:36', '2017-10-01 06:32:36'),
(85, 'Nolan Sipes', 'Mr. Jevon Legros', '9/PaMaNa(N)123456', 'Manuel Armstrong', 45, '654-622-9423 x5397', 'dooley.abagail@example.com', 'male', '56244 Citlalli Summit\nRathview, MO 11178-5895', '2017-10-01 06:32:36', '2017-10-01 06:32:36'),
(86, 'Laron McGlynn', 'Ms. Vallie Parker MD', '9/PaMaNa(N)123456', 'Noble Gibson', 69, '(751) 471-9066 x962', 'marianne.bashirian@example.com', 'male', '8113 Rhiannon Road Suite 303\nLake Virgil, WY 93647-7578', '2017-10-01 06:32:36', '2017-10-01 06:32:36'),
(87, 'Mr. Nikolas Sawayn', 'Dr. Lukas Mayert', '9/PaMaNa(N)123456', 'Alize Feest', 87, '1-371-330-1437 x8490', 'wmorar@example.org', 'male', '37442 Amparo Manors Suite 861\nPort Cameron, VT 89522-7884', '2017-10-01 06:32:36', '2017-10-01 06:32:36'),
(88, 'Sage Swaniawski', 'Ms. Erika Gusikowski V', '9/PaMaNa(N)123456', 'Dr. Fanny Wuckert', 12, '+14262573552', 'gianni.jacobi@example.net', 'male', '42918 Macejkovic Street Apt. 098\nKattieport, AK 12012-4422', '2017-10-01 06:32:36', '2017-10-01 06:32:36'),
(89, 'Dr. Hardy Ryan', 'Alvina Hackett', '9/PaMaNa(N)123456', 'Dr. Ignacio Runolfsdottir DDS', 47, '570.980.3689 x944', 'powlowski.juanita@example.net', 'male', '191 Caitlyn Circles Suite 118\nLefflermouth, DE 03745-8237', '2017-10-01 06:32:36', '2017-10-01 06:32:36'),
(90, 'Dr. Carleton Bahringer I', 'Leta Cole', '9/PaMaNa(N)123456', 'Norma Wisozk', 32, '703-608-4827 x473', 'isabel.kemmer@example.net', 'male', '982 Cecil Islands\nLake Finn, ME 19369-6743', '2017-10-01 06:32:37', '2017-10-01 06:32:37'),
(91, 'Harrison Stoltenberg I', 'Dr. Garnett Deckow', '9/PaMaNa(N)123456', 'Hayley Roob V', 53, '731-800-5098 x3699', 'shartmann@example.org', 'male', '10694 Marjolaine Ports\nWest Mabelle, MN 31395-6108', '2017-10-01 06:32:37', '2017-10-01 06:32:37'),
(92, 'Sydney Pollich', 'Dr. Eugenia Senger V', '9/PaMaNa(N)123456', 'Kyle Leuschke', 25, '(671) 297-8392 x6646', 'nbatz@example.com', 'male', '3722 Nikolas Throughway Apt. 361\nNorth Keely, PA 45674', '2017-10-01 06:32:37', '2017-10-01 06:32:37'),
(93, 'Mr. Thomas Harvey I', 'Bertram Quigley PhD', '9/PaMaNa(N)123456', 'Buster Lubowitz', 85, '(862) 400-4258 x748', 'krystina.skiles@example.net', 'male', '7710 Lind Throughway\nNew Laisha, OH 10810-1898', '2017-10-01 06:32:37', '2017-10-01 06:32:37'),
(94, 'Josefina Deckow IV', 'Mrs. Domenica Metz DVM', '9/PaMaNa(N)123456', 'Bulah Welch', 26, '970.277.0950 x05352', 'kasey.romaguera@example.org', 'male', '8701 Rafael Parkway\nNew Karaburgh, OR 68894-1668', '2017-10-01 06:32:37', '2017-10-01 06:32:37'),
(95, 'Teagan Carroll V', 'Dr. Kylee Mueller DVM', '9/PaMaNa(N)123456', 'Ofelia Medhurst DVM', 20, '403.551.9894', 'vandervort.concepcion@example.org', 'male', '26019 Jedidiah Glen Apt. 032\nDickensburgh, MA 57406', '2017-10-01 06:32:37', '2017-10-01 06:32:37'),
(96, 'Prof. Amanda Schroeder III', 'Ms. Tracy Johns', '9/PaMaNa(N)123456', 'Ambrose Jast', 33, '1-464-941-8808 x9377', 'rice.fausto@example.org', 'male', '7414 Hodkiewicz Summit Suite 710\nLake Lou, OH 56167', '2017-10-01 06:32:37', '2017-10-01 06:32:37'),
(97, 'Judy Barrows', 'Dr. Carlo Kris III', '9/PaMaNa(N)123456', 'Rodrick Jenkins V', 34, '323-436-9862 x1942', 'danial.gottlieb@example.com', 'male', '792 Jacobs Ville Suite 643\nWest Waldo, OR 97095', '2017-10-01 06:32:37', '2017-10-01 06:32:37'),
(98, 'Dr. Maryse Hills', 'Floyd Metz I', '9/PaMaNa(N)123456', 'Prof. Gerson Langosh III', 31, '1-356-541-5362 x037', 'dana41@example.org', 'male', '89647 Abelardo Point\nNaomieport, UT 84249-8071', '2017-10-01 06:32:37', '2017-10-01 06:32:37'),
(99, 'Billie Hane', 'Prof. Bethany McClure', '9/PaMaNa(N)123456', 'Mrs. Adela Olson', 67, '830-563-2055', 'caitlyn14@example.com', 'male', '22475 Royce Terrace Apt. 271\nEast Vernfort, NY 61897-8223', '2017-10-01 06:32:37', '2017-10-01 06:32:37'),
(100, 'Dr. Ramona Murray', 'Alvena Dicki', '9/PaMaNa(N)123456', 'Zachery Gerlach', 58, '1-498-604-0507 x353', 'koch.nathanael@example.net', 'male', '91556 Helene Springs Apt. 020\nEffertzport, OR 60496-6853', '2017-10-01 06:32:37', '2017-10-01 06:32:37'),
(101, 'Meaghan Legros', 'Lennie Abbott', '9/PaMaNa(N)123456', 'Rowan Fay MD', 96, '(913) 827-9590 x1329', 'ratke.angie@example.net', 'male', '48284 Hassie Shore\nOndrickaside, CT 92547-1202', '2017-10-01 06:32:37', '2017-10-01 06:32:37'),
(102, 'Kaitlin Moen', 'Salvatore Kulas I', '9/PaMaNa(N)123456', 'Mr. Harrison Hagenes', 10, '1-872-806-2253 x423', 'carolina10@example.net', 'male', '3902 Goodwin Lakes Suite 572\nAshlymouth, WV 22254', '2017-10-01 06:32:37', '2017-10-01 06:32:37');

-- --------------------------------------------------------

--
-- Table structure for table `users`
--

CREATE TABLE `users` (
  `id` int(10) UNSIGNED NOT NULL,
  `name` varchar(191) COLLATE utf8mb4_unicode_ci NOT NULL,
  `email` varchar(191) COLLATE utf8mb4_unicode_ci NOT NULL,
  `password` varchar(191) COLLATE utf8mb4_unicode_ci NOT NULL,
  `role` tinyint(4) NOT NULL,
  `remember_token` varchar(100) COLLATE utf8mb4_unicode_ci DEFAULT NULL,
  `created_at` timestamp NULL DEFAULT NULL,
  `updated_at` timestamp NULL DEFAULT NULL
) ENGINE=InnoDB DEFAULT CHARSET=utf8mb4 COLLATE=utf8mb4_unicode_ci;

--
-- Dumping data for table `users`
--

INSERT INTO `users` (`id`, `name`, `email`, `password`, `role`, `remember_token`, `created_at`, `updated_at`) VALUES
(1, 'Admin', 'admin@gmail.com', '$2y$10$XfoY7Vweu.o0dKQrZUIeNuhwpyhVwmoID4jPPMgBnOBl3vJouXs2O', 1, NULL, NULL, NULL),
(2, 'Customer1111111111', 'customerddddddddddddddddd1@gmail.com', '$2y$10$v6t2iBjAjg/OHdsHAQzevOKhOb6Vk8hx6ECIKefkWh3ftco4lSOn2', 0, NULL, NULL, '2017-10-01 09:46:45'),
(3, 'mgmg', 'mgmg@gmail.com', '$2y$10$Ea8blQmVVQXtxUAEZgf21OaAuBoAolW92qxsk98od1pIWE0UToiE6', 0, 'obMFqbWKNw', '2017-10-01 06:59:22', '2017-10-01 09:48:37'),
(4, 'Prof. Kaley Baumbach', 'minerva.fadel@example.net', '$2y$10$gTpJU9o5lY5p08nWW1BEnOODTU8Eq4UkrYpbNh41Rut8660EX6CEu', 0, '4zOMn6h4QO', '2017-10-01 06:59:22', '2017-10-01 06:59:22'),
(5, 'Dr. Paul D''Amore Sr.', 'fay.pollich@example.com', '$2y$10$gTpJU9o5lY5p08nWW1BEnOODTU8Eq4UkrYpbNh41Rut8660EX6CEu', 0, '4SXKTNT5dt', '2017-10-01 06:59:22', '2017-10-01 06:59:22'),
(20, 'Jaquelin Wiegand', 'osinski.immanuel@example.com', '$2y$10$gTpJU9o5lY5p08nWW1BEnOODTU8Eq4UkrYpbNh41Rut8660EX6CEu', 0, 'tQANwk8D6s', '2017-10-01 06:59:23', '2017-10-01 06:59:23'),
(21, 'Dr. Donald Legros Jr.', 'gbahringer@example.org', '$2y$10$gTpJU9o5lY5p08nWW1BEnOODTU8Eq4UkrYpbNh41Rut8660EX6CEu', 0, '5cUz0Hv7S2', '2017-10-01 06:59:23', '2017-10-01 06:59:23'),
(22, 'Phyllis Reichert I', 'ifritsch@example.org', '$2y$10$gTpJU9o5lY5p08nWW1BEnOODTU8Eq4UkrYpbNh41Rut8660EX6CEu', 0, '7kpmFD9RD9', '2017-10-01 06:59:23', '2017-10-01 06:59:23'),
(23, 'Phoebe Schimmel MD', 'lesly72@example.org', '$2y$10$gTpJU9o5lY5p08nWW1BEnOODTU8Eq4UkrYpbNh41Rut8660EX6CEu', 0, 'maAhVXJx3o', '2017-10-01 06:59:23', '2017-10-01 06:59:23'),
(24, 'Kamron Daniel', 'roderick.mcdermott@example.com', '$2y$10$gTpJU9o5lY5p08nWW1BEnOODTU8Eq4UkrYpbNh41Rut8660EX6CEu', 0, 'Yi7lNZBQEH', '2017-10-01 06:59:23', '2017-10-01 06:59:23'),
(25, 'Prof. Trent Mosciski DDS', 'kennith14@example.org', '$2y$10$gTpJU9o5lY5p08nWW1BEnOODTU8Eq4UkrYpbNh41Rut8660EX6CEu', 0, 'GdSqiaavva', '2017-10-01 06:59:23', '2017-10-01 06:59:23'),
(26, 'Mr. Gene Kling III', 'velma.kreiger@example.net', '$2y$10$gTpJU9o5lY5p08nWW1BEnOODTU8Eq4UkrYpbNh41Rut8660EX6CEu', 0, 'ScmIKvRp62', '2017-10-01 06:59:23', '2017-10-01 06:59:23'),
(27, 'Lisette Moen Jr.', 'pdare@example.net', '$2y$10$gTpJU9o5lY5p08nWW1BEnOODTU8Eq4UkrYpbNh41Rut8660EX6CEu', 0, 'HlOWZx432R', '2017-10-01 06:59:23', '2017-10-01 06:59:23'),
(28, 'Claude Stamm', 'egerlach@example.com', '$2y$10$gTpJU9o5lY5p08nWW1BEnOODTU8Eq4UkrYpbNh41Rut8660EX6CEu', 0, 'nfjNzHAeL9', '2017-10-01 06:59:23', '2017-10-01 06:59:23'),
(29, 'Mr. Gaetano Cruickshank Sr.', 'caleb.schaden@example.com', '$2y$10$gTpJU9o5lY5p08nWW1BEnOODTU8Eq4UkrYpbNh41Rut8660EX6CEu', 0, '7lJppRGzDL', '2017-10-01 06:59:23', '2017-10-01 06:59:23'),
(30, 'Prof. Marian Renner PhD', 'marie.gerlach@example.com', '$2y$10$gTpJU9o5lY5p08nWW1BEnOODTU8Eq4UkrYpbNh41Rut8660EX6CEu', 0, '07KgU4bQyH', '2017-10-01 06:59:24', '2017-10-01 06:59:24'),
(31, 'Dr. Emelie Corkery', 'lynch.rebeca@example.org', '$2y$10$gTpJU9o5lY5p08nWW1BEnOODTU8Eq4UkrYpbNh41Rut8660EX6CEu', 0, 'bE1X0rXApX', '2017-10-01 06:59:24', '2017-10-01 06:59:24'),
(32, 'Samanta Yost', 'witting.gabriella@example.org', '$2y$10$gTpJU9o5lY5p08nWW1BEnOODTU8Eq4UkrYpbNh41Rut8660EX6CEu', 0, 'oyPnsMfoQC', '2017-10-01 06:59:24', '2017-10-01 06:59:24'),
(33, 'Dr. Chelsie Cruickshank Sr.', 'rkovacek@example.org', '$2y$10$gTpJU9o5lY5p08nWW1BEnOODTU8Eq4UkrYpbNh41Rut8660EX6CEu', 0, 'DqWsnjPBEy', '2017-10-01 06:59:24', '2017-10-01 06:59:24'),
(34, 'Devan Funk', 'bailey.sherwood@example.com', '$2y$10$gTpJU9o5lY5p08nWW1BEnOODTU8Eq4UkrYpbNh41Rut8660EX6CEu', 0, 'B8vV5psK0q', '2017-10-01 06:59:24', '2017-10-01 06:59:24'),
(35, 'Cassandre Padberg MD', 'esperanza.kuhn@example.org', '$2y$10$gTpJU9o5lY5p08nWW1BEnOODTU8Eq4UkrYpbNh41Rut8660EX6CEu', 0, '7M0Rp1ZGB3', '2017-10-01 06:59:24', '2017-10-01 06:59:24'),
(36, 'Keagan Koepp', 'gottlieb.karina@example.net', '$2y$10$gTpJU9o5lY5p08nWW1BEnOODTU8Eq4UkrYpbNh41Rut8660EX6CEu', 0, 'bh4QQLOKCx', '2017-10-01 06:59:24', '2017-10-01 06:59:24'),
(37, 'Aleen Gislason', 'rmedhurst@example.com', '$2y$10$gTpJU9o5lY5p08nWW1BEnOODTU8Eq4UkrYpbNh41Rut8660EX6CEu', 0, 'CQ9zExjLeB', '2017-10-01 06:59:24', '2017-10-01 06:59:24'),
(38, 'Dedrick O''Hara', 'dorthy39@example.org', '$2y$10$gTpJU9o5lY5p08nWW1BEnOODTU8Eq4UkrYpbNh41Rut8660EX6CEu', 0, 'bbedlD4vLv', '2017-10-01 06:59:24', '2017-10-01 06:59:24'),
(39, 'Hyman Kshlerin', 'citlalli.fisher@example.net', '$2y$10$gTpJU9o5lY5p08nWW1BEnOODTU8Eq4UkrYpbNh41Rut8660EX6CEu', 0, 't4KKYjKPY4', '2017-10-01 06:59:24', '2017-10-01 06:59:24'),
(40, 'Hobart Stark', 'qdaniel@example.com', '$2y$10$gTpJU9o5lY5p08nWW1BEnOODTU8Eq4UkrYpbNh41Rut8660EX6CEu', 0, 'XO7dLDSUpz', '2017-10-01 06:59:24', '2017-10-01 06:59:24'),
(41, 'Laron O''Keefe', 'ikassulke@example.net', '$2y$10$gTpJU9o5lY5p08nWW1BEnOODTU8Eq4UkrYpbNh41Rut8660EX6CEu', 0, 'OSIua5LQ8g', '2017-10-01 06:59:24', '2017-10-01 06:59:24'),
(42, 'Jayme Yundt', 'macie90@example.com', '$2y$10$gTpJU9o5lY5p08nWW1BEnOODTU8Eq4UkrYpbNh41Rut8660EX6CEu', 0, '7snwvwTtoi', '2017-10-01 06:59:24', '2017-10-01 06:59:24'),
(43, 'Mr. Sheridan Kertzmann', 'evon@example.org', '$2y$10$gTpJU9o5lY5p08nWW1BEnOODTU8Eq4UkrYpbNh41Rut8660EX6CEu', 0, 'UxNhmrrwIw', '2017-10-01 06:59:24', '2017-10-01 06:59:24'),
(44, 'Orland Wisoky', 'oswaldo.schaden@example.net', '$2y$10$gTpJU9o5lY5p08nWW1BEnOODTU8Eq4UkrYpbNh41Rut8660EX6CEu', 0, 'ZsKGFaEA5x', '2017-10-01 06:59:24', '2017-10-01 06:59:24'),
(45, 'Lenna Will', 'norris23@example.net', '$2y$10$gTpJU9o5lY5p08nWW1BEnOODTU8Eq4UkrYpbNh41Rut8660EX6CEu', 0, 'llbmSo3KQA', '2017-10-01 06:59:24', '2017-10-01 06:59:24'),
(46, 'Keshawn Auer', 'mckenzie.tillman@example.com', '$2y$10$gTpJU9o5lY5p08nWW1BEnOODTU8Eq4UkrYpbNh41Rut8660EX6CEu', 0, '5BaW2tPeGo', '2017-10-01 06:59:24', '2017-10-01 06:59:24'),
(47, 'Ofelia Kris', 'koch.krista@example.org', '$2y$10$gTpJU9o5lY5p08nWW1BEnOODTU8Eq4UkrYpbNh41Rut8660EX6CEu', 0, 'WZ2WvLBRdZ', '2017-10-01 06:59:24', '2017-10-01 06:59:24'),
(48, 'Prof. Arne Kessler', 'chance22@example.net', '$2y$10$gTpJU9o5lY5p08nWW1BEnOODTU8Eq4UkrYpbNh41Rut8660EX6CEu', 0, 'ZBSYMSdoEW', '2017-10-01 06:59:24', '2017-10-01 06:59:24'),
(49, 'Miss Herta Stark Sr.', 'jany30@example.org', '$2y$10$gTpJU9o5lY5p08nWW1BEnOODTU8Eq4UkrYpbNh41Rut8660EX6CEu', 0, 'UpXky9q3vp', '2017-10-01 06:59:24', '2017-10-01 06:59:24'),
(50, 'Mya Altenwerth', 'travis94@example.org', '$2y$10$gTpJU9o5lY5p08nWW1BEnOODTU8Eq4UkrYpbNh41Rut8660EX6CEu', 0, 'efEQYegM9k', '2017-10-01 06:59:24', '2017-10-01 06:59:24'),
(51, 'Mr. Jeromy Spencer', 'heaney.cortney@example.net', '$2y$10$gTpJU9o5lY5p08nWW1BEnOODTU8Eq4UkrYpbNh41Rut8660EX6CEu', 0, 'vbBUWTNcGY', '2017-10-01 06:59:24', '2017-10-01 06:59:24'),
(52, 'Mr. Howell Boyle', 'ellsworth.stiedemann@example.net', '$2y$10$gTpJU9o5lY5p08nWW1BEnOODTU8Eq4UkrYpbNh41Rut8660EX6CEu', 0, 'Ej49Zes1Jf', '2017-10-01 06:59:25', '2017-10-01 06:59:25'),
(53, 'Daphnee Rath', 'muriel93@example.org', '$2y$10$gTpJU9o5lY5p08nWW1BEnOODTU8Eq4UkrYpbNh41Rut8660EX6CEu', 0, 'FlVZXoLGJk', '2017-10-01 06:59:25', '2017-10-01 06:59:25'),
(54, 'Rosamond Larson', 'asha.lakin@example.com', '$2y$10$gTpJU9o5lY5p08nWW1BEnOODTU8Eq4UkrYpbNh41Rut8660EX6CEu', 0, 'qdtUBcXF9y', '2017-10-01 06:59:25', '2017-10-01 06:59:25'),
(55, 'Miss Emelia Kertzmann', 'predovic.stephanie@example.com', '$2y$10$gTpJU9o5lY5p08nWW1BEnOODTU8Eq4UkrYpbNh41Rut8660EX6CEu', 0, '4LHLZzkn8X', '2017-10-01 06:59:25', '2017-10-01 06:59:25'),
(56, 'Brenda Douglas', 'volkman.aida@example.com', '$2y$10$gTpJU9o5lY5p08nWW1BEnOODTU8Eq4UkrYpbNh41Rut8660EX6CEu', 0, 'S57ZvDzAo9', '2017-10-01 06:59:25', '2017-10-01 06:59:25'),
(57, 'Mrs. Christina Stracke Sr.', 'aohara@example.net', '$2y$10$gTpJU9o5lY5p08nWW1BEnOODTU8Eq4UkrYpbNh41Rut8660EX6CEu', 0, 'E2sDemoQJr', '2017-10-01 06:59:25', '2017-10-01 06:59:25'),
(58, 'Miss Heidi Wolff MD', 'hschulist@example.net', '$2y$10$gTpJU9o5lY5p08nWW1BEnOODTU8Eq4UkrYpbNh41Rut8660EX6CEu', 0, 'AvOgAXklRv', '2017-10-01 06:59:25', '2017-10-01 06:59:25'),
(59, 'Joel Towne', 'koby.fay@example.com', '$2y$10$gTpJU9o5lY5p08nWW1BEnOODTU8Eq4UkrYpbNh41Rut8660EX6CEu', 0, 'iRjCE3PCU1', '2017-10-01 06:59:25', '2017-10-01 06:59:25'),
(60, 'Adolph Conn', 'howe.anne@example.net', '$2y$10$gTpJU9o5lY5p08nWW1BEnOODTU8Eq4UkrYpbNh41Rut8660EX6CEu', 0, 'MAtuE1I6YJ', '2017-10-01 06:59:25', '2017-10-01 06:59:25'),
(61, 'Irwin Krajcik', 'hadley57@example.net', '$2y$10$gTpJU9o5lY5p08nWW1BEnOODTU8Eq4UkrYpbNh41Rut8660EX6CEu', 0, '6Bk7Mi3KWW', '2017-10-01 06:59:25', '2017-10-01 06:59:25'),
(62, 'Mertie Kshlerin Sr.', 'leta.auer@example.net', '$2y$10$gTpJU9o5lY5p08nWW1BEnOODTU8Eq4UkrYpbNh41Rut8660EX6CEu', 0, 'Jurvso2zP0', '2017-10-01 06:59:25', '2017-10-01 06:59:25'),
(63, 'Mr. Joey Ullrich', 'keith.huel@example.com', '$2y$10$gTpJU9o5lY5p08nWW1BEnOODTU8Eq4UkrYpbNh41Rut8660EX6CEu', 0, 'nJJSl6hyom', '2017-10-01 06:59:25', '2017-10-01 06:59:25'),
(64, 'Edgardo Raynor I', 'fannie04@example.com', '$2y$10$gTpJU9o5lY5p08nWW1BEnOODTU8Eq4UkrYpbNh41Rut8660EX6CEu', 0, '0d4N5FfwfP', '2017-10-01 06:59:25', '2017-10-01 06:59:25'),
(65, 'Tre Homenick', 'toy.antonio@example.net', '$2y$10$gTpJU9o5lY5p08nWW1BEnOODTU8Eq4UkrYpbNh41Rut8660EX6CEu', 0, 'ObR6XE5nl2', '2017-10-01 06:59:25', '2017-10-01 06:59:25'),
(66, 'Zoe Powlowski Jr.', 'will.candace@example.org', '$2y$10$gTpJU9o5lY5p08nWW1BEnOODTU8Eq4UkrYpbNh41Rut8660EX6CEu', 0, 'Ky9xM9ioLe', '2017-10-01 06:59:25', '2017-10-01 06:59:25'),
(67, 'Prof. Jordi Bernhard Sr.', 'schuppe.kaylee@example.com', '$2y$10$gTpJU9o5lY5p08nWW1BEnOODTU8Eq4UkrYpbNh41Rut8660EX6CEu', 0, '2CidXnMny8', '2017-10-01 06:59:25', '2017-10-01 06:59:25'),
(68, 'Prof. Marina Mitchell I', 'keeling.june@example.com', '$2y$10$gTpJU9o5lY5p08nWW1BEnOODTU8Eq4UkrYpbNh41Rut8660EX6CEu', 0, 'f4lZSzWCT9', '2017-10-01 06:59:25', '2017-10-01 06:59:25'),
(69, 'Ebba Johnston', 'eoberbrunner@example.net', '$2y$10$gTpJU9o5lY5p08nWW1BEnOODTU8Eq4UkrYpbNh41Rut8660EX6CEu', 0, 'UcraHNjWG5', '2017-10-01 06:59:25', '2017-10-01 06:59:25'),
(70, 'Estella Franecki', 'kaden07@example.org', '$2y$10$gTpJU9o5lY5p08nWW1BEnOODTU8Eq4UkrYpbNh41Rut8660EX6CEu', 0, 'MV0orv7rIK', '2017-10-01 06:59:25', '2017-10-01 06:59:25'),
(71, 'Erich Mayert', 'opal87@example.com', '$2y$10$gTpJU9o5lY5p08nWW1BEnOODTU8Eq4UkrYpbNh41Rut8660EX6CEu', 0, 'VSyMBkAenA', '2017-10-01 06:59:25', '2017-10-01 06:59:25'),
(72, 'Barney Friesen', 'susana29@example.com', '$2y$10$gTpJU9o5lY5p08nWW1BEnOODTU8Eq4UkrYpbNh41Rut8660EX6CEu', 0, 'PaDI9hZB07', '2017-10-01 06:59:25', '2017-10-01 06:59:25'),
(73, 'Alessandro Hackett', 'jlynch@example.net', '$2y$10$gTpJU9o5lY5p08nWW1BEnOODTU8Eq4UkrYpbNh41Rut8660EX6CEu', 0, 'ZsQA8pMM5o', '2017-10-01 06:59:25', '2017-10-01 06:59:25'),
(74, 'Kenya Schaefer', 'marge84@example.net', '$2y$10$gTpJU9o5lY5p08nWW1BEnOODTU8Eq4UkrYpbNh41Rut8660EX6CEu', 0, 'bDsO0C4XNE', '2017-10-01 06:59:25', '2017-10-01 06:59:25'),
(75, 'Mr. Simeon Roberts MD', 'sstehr@example.com', '$2y$10$gTpJU9o5lY5p08nWW1BEnOODTU8Eq4UkrYpbNh41Rut8660EX6CEu', 0, 'xpirCUxOUy', '2017-10-01 06:59:25', '2017-10-01 06:59:25'),
(76, 'Marilou Feest IV', 'osborne31@example.org', '$2y$10$gTpJU9o5lY5p08nWW1BEnOODTU8Eq4UkrYpbNh41Rut8660EX6CEu', 0, 'f7vVckworm', '2017-10-01 06:59:25', '2017-10-01 06:59:25'),
(77, 'Leopoldo Fadel', 'christopher.herman@example.org', '$2y$10$gTpJU9o5lY5p08nWW1BEnOODTU8Eq4UkrYpbNh41Rut8660EX6CEu', 0, 'DOerD4NRSG', '2017-10-01 06:59:26', '2017-10-01 06:59:26'),
(78, 'Frederic O''Kon V', 'trudie.bode@example.net', '$2y$10$gTpJU9o5lY5p08nWW1BEnOODTU8Eq4UkrYpbNh41Rut8660EX6CEu', 0, 'R6MyC9REpa', '2017-10-01 06:59:26', '2017-10-01 06:59:26'),
(79, 'Mr. Julien Goodwin', 'corkery.maurice@example.org', '$2y$10$gTpJU9o5lY5p08nWW1BEnOODTU8Eq4UkrYpbNh41Rut8660EX6CEu', 0, '37taKltTkg', '2017-10-01 06:59:26', '2017-10-01 06:59:26'),
(80, 'Lottie Bartell', 'fhyatt@example.org', '$2y$10$gTpJU9o5lY5p08nWW1BEnOODTU8Eq4UkrYpbNh41Rut8660EX6CEu', 0, 'aDpPnoPTcz', '2017-10-01 06:59:26', '2017-10-01 06:59:26'),
(81, 'Dr. Missouri Hintz I', 'leannon.kole@example.org', '$2y$10$gTpJU9o5lY5p08nWW1BEnOODTU8Eq4UkrYpbNh41Rut8660EX6CEu', 0, 'HEi1ScQMFl', '2017-10-01 06:59:26', '2017-10-01 06:59:26'),
(82, 'Thomas Beahan', 'gerardo.schuster@example.net', '$2y$10$gTpJU9o5lY5p08nWW1BEnOODTU8Eq4UkrYpbNh41Rut8660EX6CEu', 0, 'ywskz8x2uL', '2017-10-01 06:59:26', '2017-10-01 06:59:26'),
(83, 'Eugenia Satterfield', 'isadore.larson@example.com', '$2y$10$gTpJU9o5lY5p08nWW1BEnOODTU8Eq4UkrYpbNh41Rut8660EX6CEu', 0, 'AykNcPZYp4', '2017-10-01 06:59:26', '2017-10-01 06:59:26'),
(84, 'Dr. Alexandrea Kautzer', 'mcarroll@example.net', '$2y$10$gTpJU9o5lY5p08nWW1BEnOODTU8Eq4UkrYpbNh41Rut8660EX6CEu', 0, 'PizP3cE6kK', '2017-10-01 06:59:26', '2017-10-01 06:59:26'),
(85, 'Kyle Cole', 'kohler.ruthe@example.net', '$2y$10$gTpJU9o5lY5p08nWW1BEnOODTU8Eq4UkrYpbNh41Rut8660EX6CEu', 0, 'Us8CFWUf8r', '2017-10-01 06:59:26', '2017-10-01 06:59:26'),
(86, 'Abdul Hamill', 'vivian.champlin@example.net', '$2y$10$gTpJU9o5lY5p08nWW1BEnOODTU8Eq4UkrYpbNh41Rut8660EX6CEu', 0, 'FbawfDmeLQ', '2017-10-01 06:59:26', '2017-10-01 06:59:26'),
(87, 'Eusebio Mraz', 'esther.hansen@example.com', '$2y$10$gTpJU9o5lY5p08nWW1BEnOODTU8Eq4UkrYpbNh41Rut8660EX6CEu', 0, '7PT84wrEJR', '2017-10-01 06:59:26', '2017-10-01 06:59:26'),
(88, 'Lindsey Stracke DVM', 'phalvorson@example.com', '$2y$10$gTpJU9o5lY5p08nWW1BEnOODTU8Eq4UkrYpbNh41Rut8660EX6CEu', 0, 'ox3PK2aELZ', '2017-10-01 06:59:26', '2017-10-01 06:59:26'),
(89, 'Zechariah Leannon', 'berneice.tremblay@example.net', '$2y$10$gTpJU9o5lY5p08nWW1BEnOODTU8Eq4UkrYpbNh41Rut8660EX6CEu', 0, '19CPPXQqaJ', '2017-10-01 06:59:26', '2017-10-01 06:59:26'),
(90, 'Arden Streich', 'pfeffer.keaton@example.org', '$2y$10$gTpJU9o5lY5p08nWW1BEnOODTU8Eq4UkrYpbNh41Rut8660EX6CEu', 0, 'wyK3hnjdxy', '2017-10-01 06:59:26', '2017-10-01 06:59:26'),
(91, 'Prof. Lindsay Glover DDS', 'syble62@example.net', '$2y$10$gTpJU9o5lY5p08nWW1BEnOODTU8Eq4UkrYpbNh41Rut8660EX6CEu', 0, 'b6lDeFyrWJ', '2017-10-01 06:59:26', '2017-10-01 06:59:26'),
(92, 'Dr. Ayden Denesik DDS', 'guillermo78@example.org', '$2y$10$gTpJU9o5lY5p08nWW1BEnOODTU8Eq4UkrYpbNh41Rut8660EX6CEu', 0, 'EwUo9LeLhA', '2017-10-01 06:59:26', '2017-10-01 06:59:26'),
(93, 'Jonathan Cronin', 'cwaelchi@example.net', '$2y$10$gTpJU9o5lY5p08nWW1BEnOODTU8Eq4UkrYpbNh41Rut8660EX6CEu', 0, 'OOnQh9tS5a', '2017-10-01 06:59:26', '2017-10-01 06:59:26'),
(94, 'Brayan Rippin', 'vheller@example.org', '$2y$10$gTpJU9o5lY5p08nWW1BEnOODTU8Eq4UkrYpbNh41Rut8660EX6CEu', 0, 'V8LH4Z3jJ9', '2017-10-01 06:59:26', '2017-10-01 06:59:26'),
(95, 'Jacynthe Gleason I', 'klocko.herminia@example.org', '$2y$10$gTpJU9o5lY5p08nWW1BEnOODTU8Eq4UkrYpbNh41Rut8660EX6CEu', 0, 'VKPfMHYjFt', '2017-10-01 06:59:26', '2017-10-01 06:59:26'),
(96, 'Adell Waters MD', 'wbernhard@example.org', '$2y$10$gTpJU9o5lY5p08nWW1BEnOODTU8Eq4UkrYpbNh41Rut8660EX6CEu', 0, 'jCZSY1toWM', '2017-10-01 06:59:26', '2017-10-01 06:59:26'),
(97, 'Diamond Block Sr.', 'alexandria54@example.net', '$2y$10$gTpJU9o5lY5p08nWW1BEnOODTU8Eq4UkrYpbNh41Rut8660EX6CEu', 0, 'tbirTWyYS1', '2017-10-01 06:59:26', '2017-10-01 06:59:26'),
(98, 'Miss Kathryn Lesch II', 'gberge@example.org', '$2y$10$gTpJU9o5lY5p08nWW1BEnOODTU8Eq4UkrYpbNh41Rut8660EX6CEu', 0, 'dNoP1AQXmk', '2017-10-01 06:59:26', '2017-10-01 06:59:26'),
(99, 'Ayla Bahringer', 'lula61@example.com', '$2y$10$gTpJU9o5lY5p08nWW1BEnOODTU8Eq4UkrYpbNh41Rut8660EX6CEu', 0, 'VDDU6sYjgL', '2017-10-01 06:59:26', '2017-10-01 06:59:26'),
(100, 'Haven Bahringer', 'ulittle@example.net', '$2y$10$gTpJU9o5lY5p08nWW1BEnOODTU8Eq4UkrYpbNh41Rut8660EX6CEu', 0, '9SkQwtUO9T', '2017-10-01 06:59:26', '2017-10-01 06:59:26'),
(101, 'Mr. Francesco Pagac', 'linnea32@example.com', '$2y$10$gTpJU9o5lY5p08nWW1BEnOODTU8Eq4UkrYpbNh41Rut8660EX6CEu', 0, 'I6SB7dqNyI', '2017-10-01 06:59:27', '2017-10-01 06:59:27'),
(102, 'Lamont Dietrich', 'alysha53@example.org', '$2y$10$gTpJU9o5lY5p08nWW1BEnOODTU8Eq4UkrYpbNh41Rut8660EX6CEu', 0, 'Ue0zty4o2p', '2017-10-01 06:59:27', '2017-10-01 06:59:27'),
(103, 'aso', 'aso@gmail.com', '123456', 0, NULL, '2017-10-01 08:18:48', '2017-10-01 08:18:48'),
(104, 'mama', 'mama@gmail.com', '123456', 1, NULL, '2017-10-01 08:22:12', '2017-10-01 08:22:12'),
(105, 'kyawkyaw', 'kyawkyaw@gmail.com', '$2y$10$Xecw1c7.BFK1J8zXwOfm5OXGjMO/KlhlvP59ajKCuOuoJDngHr4P6', 0, NULL, '2017-10-01 08:28:59', '2017-10-01 08:28:59'),
(106, 'user1', 'user!@gmail.com', '$2y$10$xUIYoqwGr/fYtkV2V67eqe7SovzQZtwPD7rMyqeUI.W8VJoXCtAvC', 0, NULL, '2017-10-01 08:32:00', '2017-10-01 08:32:00'),
(107, 'Customer', 'customer1@gmail.com', '$2y$10$TA5Ng6hR.PWwhqMGMP6AauGGgkAD9PiPaIyf252APzVaSY1nb4lk.', 0, NULL, '2017-10-01 09:04:54', '2017-10-01 09:04:54'),
(112, 'Customerdsssss', 'customersss@gmail.com', '$2y$10$EBK.2d6gPg3dfJN4VxO21.lr2rLKV9UybQ15aAbYfgrc9fRxK.Rsi', 0, NULL, '2017-10-01 09:24:10', '2017-10-01 09:24:10'),
(113, 'new update', 'addupdate@gmail.com', '$2y$10$Z0O219svt/yTKW9ZFIRtaO1O04PD3L0jgGE8fiWh/tMaags1J50yi', 0, NULL, '2017-10-01 09:26:45', '2017-10-01 09:26:45'),
(114, 'new user update', 'newemail@gmail.com', '$2y$10$Z9K843TSqeTn2KEiWalGyuN8rdelUu8D5.IIWtxqk2.x27dlZ9k/y', 0, NULL, '2017-10-01 09:30:16', '2017-10-01 09:30:16'),
(115, 'Customer', 'email1@gmail.com', '$2y$10$g7QvA2M2twM5kZYH9C7KSeB070br6FjUMfMzYjoE.3wDgVPuJVPkm', 0, NULL, '2017-10-01 09:33:21', '2017-10-01 09:33:21'),
(116, 'Customergfhtghtghttrfhgvc', 'customer2@gmail.com', '$2y$10$KFzwDsLE01fzvCuBm4qD/.pUTSycKB5CQl2lV1M2GRpJfRx5xRoV.', 0, NULL, '2017-10-01 09:34:40', '2017-10-01 09:34:40'),
(117, 'Customer22222', 'custome11r@gmail.com', '$2y$10$vpaVGji41GNOs6Hp00g36ue0xEvkNd60KVoMY1ZucPjab9M0JH8ya', 0, NULL, '2017-10-01 09:42:52', '2017-10-01 09:42:52'),
(119, 'test user', 'testuser@gmail.com', '$2y$10$6VRGvfCC/oPwxhfrQen5ruHibRwMg8r.c38QxVPKgf8.m6T8ciL/C', 0, NULL, '2017-10-01 10:21:21', '2017-10-01 10:21:21'),
(120, 'yan naung', 'yn@gmailc.om', '$2y$10$sg7KGmyCAQlZgimkV2UHkuIfwVd9skHq.9FqZhUHHmPPCbkvQVtOO', 0, NULL, '2017-10-01 10:37:04', '2017-10-01 10:37:04');

--
-- Indexes for dumped tables
--

--
-- Indexes for table `book_form`
--
ALTER TABLE `book_form`
  ADD PRIMARY KEY (`id`);

--
-- Indexes for table `category`
--
ALTER TABLE `category`
  ADD PRIMARY KEY (`id`);

--
-- Indexes for table `contact_form`
--
ALTER TABLE `contact_form`
  ADD PRIMARY KEY (`id`),
  ADD UNIQUE KEY `contact_form_email_unique` (`email`);

--
-- Indexes for table `migrations`
--
ALTER TABLE `migrations`
  ADD PRIMARY KEY (`id`);

--
-- Indexes for table `password_resets`
--
ALTER TABLE `password_resets`
  ADD KEY `password_resets_email_index` (`email`);

--
-- Indexes for table `posts`
--
ALTER TABLE `posts`
  ADD PRIMARY KEY (`id`);

--
-- Indexes for table `postsmeta`
--
ALTER TABLE `postsmeta`
  ADD PRIMARY KEY (`id`);

--
-- Indexes for table `student_registration_form`
--
ALTER TABLE `student_registration_form`
  ADD PRIMARY KEY (`id`),
  ADD UNIQUE KEY `student_registration_form_email_unique` (`email`);

--
-- Indexes for table `users`
--
ALTER TABLE `users`
  ADD PRIMARY KEY (`id`),
  ADD UNIQUE KEY `users_email_unique` (`email`);

--
-- AUTO_INCREMENT for dumped tables
--

--
-- AUTO_INCREMENT for table `book_form`
--
ALTER TABLE `book_form`
  MODIFY `id` int(11) NOT NULL AUTO_INCREMENT, AUTO_INCREMENT=4;
--
-- AUTO_INCREMENT for table `category`
--
ALTER TABLE `category`
  MODIFY `id` int(10) UNSIGNED NOT NULL AUTO_INCREMENT, AUTO_INCREMENT=21;
--
-- AUTO_INCREMENT for table `contact_form`
--
ALTER TABLE `contact_form`
  MODIFY `id` int(10) UNSIGNED NOT NULL AUTO_INCREMENT, AUTO_INCREMENT=102;
--
-- AUTO_INCREMENT for table `migrations`
--
ALTER TABLE `migrations`
  MODIFY `id` int(10) UNSIGNED NOT NULL AUTO_INCREMENT, AUTO_INCREMENT=15;
--
-- AUTO_INCREMENT for table `posts`
--
ALTER TABLE `posts`
  MODIFY `id` int(10) UNSIGNED NOT NULL AUTO_INCREMENT, AUTO_INCREMENT=133;
--
-- AUTO_INCREMENT for table `postsmeta`
--
ALTER TABLE `postsmeta`
  MODIFY `id` int(10) UNSIGNED NOT NULL AUTO_INCREMENT;
--
-- AUTO_INCREMENT for table `student_registration_form`
--
ALTER TABLE `student_registration_form`
  MODIFY `id` int(10) UNSIGNED NOT NULL AUTO_INCREMENT, AUTO_INCREMENT=103;
--
-- AUTO_INCREMENT for table `users`
--
ALTER TABLE `users`
  MODIFY `id` int(10) UNSIGNED NOT NULL AUTO_INCREMENT, AUTO_INCREMENT=121;
/*!40101 SET CHARACTER_SET_CLIENT=@OLD_CHARACTER_SET_CLIENT */;
/*!40101 SET CHARACTER_SET_RESULTS=@OLD_CHARACTER_SET_RESULTS */;
/*!40101 SET COLLATION_CONNECTION=@OLD_COLLATION_CONNECTION */;
